Table_Name,Category,viewtype
R_ACCESS_CONDITION,ACCESS CONDITION CODE,MODULE
R_ACCOUNT_PROC_TYPE,ACCOUNTING,MODULE
R_ACTIVITY_SET_TYPE,ACTIVITY,MODULE
R_ACTIVITY_TYPE,ACTIVITY,MODULE
R_ADDITIVE_METHOD,WELL TREATMENT ADDITIVE,MODULE
R_ADDITIVE_TYPE,WELL TREATMENT ADDITIVE,MODULE
R_ADDRESS_TYPE,ADDRESS,MODULE
R_AIR_GAS_CODE,AIR GAS CODE,MODULE
R_AIRCRAFT_TYPE,AIR CRAFT TYPE,MODULE
R_ALIAS_REASON_TYPE,ALIAS,MODULE
R_ALIAS_TYPE,ALIAS,MODULE
R_ALLOCATION_TYPE,ALLOCATION,MODULE
R_ALLOWABLE_EXPENSE,ALLOWABLE,MODULE
R_ANAL_PROPERTY_CODE,ANALYSIS,MODULE
R_ANALYSIS_PROPERTY,ANALYSIS,MODULE
R_ANALYSIS_REPORT,ANALYSIS,MODULE
R_AOF_CALC_METHOD,AOF,MODULE
R_AOF_ANALYSIS_TYPE,AOF,MODULE
R_API_LOG_SYSTEM,API,MODULE
R_APPLIC_ATTACHMENT,APPLICATION,MODULE
R_APPLIC_TYPE,APPLICATION,MODULE
R_APPLIC_STATUS,APPLICATION,MODULE
R_APPLIC_REMARK_TYPE,APPLICATION,MODULE
R_APPLIC_DESC,APPLICATION,MODULE
R_APPLIC_DECISION,APPLICATION,MODULE
R_APPLIC_BA_ROLE,APPLICATION,MODULE
R_APPLICATION_COMP_TYPE,APPLICATION,MODULE
R_AREA_COMPONENT_TYPE,AREA,MODULE
R_AREA_TYPE,AREA,MODULE
R_AREA_DESC_TYPE,AREA,MODULE
R_AREA_DESC_CODE,AREA,MODULE
R_AREA_CONTAIN_TYPE,AREA,MODULE
R_AUTHOR_TYPE,AUTHOR,MODULE
R_AUTHORITY_TYPE,AUTHORITY,MODULE
R_BA_PREF_TYPE,BA,MODULE
R_BA_CATEGORY,BA,MODULE
R_BA_COMPONENT_TYPE,BA,MODULE
R_BA_CONTACT_LOC_TYPE,BA,MODULE
R_BA_CREW_OVERHEAD_TYPE,BA,MODULE
R_BA_CREW_TYPE,BA,MODULE
R_BA_DESC_CODE,BA,MODULE
R_BA_DESC_REF_VALUE,BA,MODULE
R_BA_DESC_TYPE,BA,MODULE
R_BA_LIC_DUE_CONDITION,BA,MODULE
R_BA_XREF_TYPE,BA,MODULE
R_BA_TYPE,BA,MODULE
R_BA_STATUS,BA,MODULE
R_BA_SERVICE_TYPE,BA,MODULE
R_BA_AUTHORITY_COMP_TYPE,BA,MODULE
R_BA_PERMIT_TYPE,BA,MODULE
R_BA_ORGANIZATION_TYPE,BA,MODULE
R_BA_ORGANIZATION_COMP_TYPE,BA,MODULE
R_BA_LIC_VIOL_RESOL,BA,MODULE
R_BA_LIC_VIOLATION_TYPE,BA,MODULE
R_BH_PRESS_TEST_TYPE,BHP,MODULE
R_BHP_METHOD,BHP,MODULE
R_BIT_CUT_STRUCT_DULL,BIT,MODULE
R_BIT_BEARING_CONDITION,BIT,MODULE
R_BIT_CUT_STRUCT_INNER,BIT,MODULE
R_BIT_REASON_PULLED,BIT,MODULE
R_BIT_CUT_STRUCT_LOC,BIT,MODULE
R_BIT_CUT_STRUCT_OUTER,BIT,MODULE
R_BLOWOUT_FLUID,BLOWOUT,MODULE
R_BUILDUP_RADIUS_TYPE,BUILDUP,MODULE
R_CAT_ADDITIVE_QUANTITY,CAT,MODULE
R_CAT_ADDITIVE_SPEC,CAT,MODULE
R_CAT_ADDITIVE_XREF,CAT,MODULE
R_CAT_EQUIP_GROUP,CAT,MODULE
R_CAT_ADDITIVE_GROUP,CAT,MODULE
R_CAT_EQUIP_SPEC_CODE,CAT,MODULE
R_CAT_EQUIP_TYPE,CAT,MODULE
R_CAT_EQUIP_SPEC,CAT,MODULE
R_CEMENT_TYPE,CEMENT,MODULE
R_CHECKSHOT_SRVY_TYPE,CHECKSHOT,MODULE
R_CLASS_LEV_COMP_TYPE,CLASS,MODULE
R_CLASS_LEV_XREF_TYPE,CLASS,MODULE
R_CLASS_SYSTEM_DIMENSION,CLASS,MODULE
R_CLASS_SYST_XREF_TYPE,CLASS,MODULE
R_CLASS_DESC_PROPERTY,CLASS,MODULE
R_CODE_VERSION_XREF_TYPE,CODE,MODULE
R_COLLAR_TYPE,COLLAR,MODULE
R_COLOR_FORMAT,COLOR,MODULE
R_COLOR_PALETTE,COLOR,MODULE
R_COMPLETION_METHOD,COMPLETION,MODULE
R_COMPLETION_TYPE,COMPLETION,MODULE
R_COMPLETION_STATUS_TYPE,COMPLETION,MODULE
R_COMPLETION_STATUS,COMPLETION,MODULE
R_CONDITION_TYPE,CONDITION,MODULE
R_CONFIDENCE_TYPE,CONFIDENCE,MODULE
R_CONFIDENTIAL_REASON,CONFIDENTIAL,MODULE
R_CONFIDENTIAL_TYPE,CONFIDENTIAL,MODULE
R_CONFORMITY_RELATION,CONFORMITY,MODULE
R_CONSENT_BA_ROLE,CONSENT,MODULE
R_CONSENT_COMP_TYPE,CONSENT,MODULE
R_CONSENT_CONDITION,CONSENT,MODULE
R_CONSENT_REMARK,CONSENT,MODULE
R_CONSENT_TYPE,CONSENT,MODULE
R_CONSENT_STATUS,CONSENT,MODULE
R_CONSULT_COMP_TYPE,CONSULT,MODULE
R_CONSULT_DISC_TYPE,CONSULT,MODULE
R_CONSULT_ISSUE_TYPE,CONSULT,MODULE
R_CONSULT_REASON,CONSULT,MODULE
R_CONSULT_ATTEND_TYPE,CONSULT,MODULE
R_CONSULT_ROLE,CONSULT,MODULE
R_CONSULT_TYPE,CONSULT,MODULE
R_CONSULT_XREF_TYPE,CONSULT,MODULE
R_CONSULT_RESOLUTION,CONSULT,MODULE
R_CONT_INSUR_ELECT,CONTRACT,MODULE
R_CONT_OPERATING_PROC,CONTRACT,MODULE
R_CONT_PROVISION_TYPE,CONTRACT,MODULE
R_CONT_PROV_XREF_TYPE,CONTRACT,MODULE
R_CONT_STATUS,CONTRACT,MODULE
R_CONT_STATUS_TYPE,CONTRACT,MODULE
R_CONT_TYPE,CONTRACT,MODULE
R_CONT_VOTE_RESPONSE,CONTRACT,MODULE
R_CONT_VOTE_TYPE,CONTRACT,MODULE
R_CONT_XREF_TYPE,CONTRACT,MODULE
R_CONT_EXTEND_TYPE,CONTRACT,MODULE
R_CONT_BA_ROLE,CONTRACT,MODULE
R_CONT_COMP_REASON,CONTRACT,MODULE
R_CONT_EXTEND_COND,CONTRACT,MODULE
R_CONTACT_ROLE,BA,MODULE
R_CONTAMINANT_TYPE,CONTAMINANT,MODULE
R_CONTEST_COMP_TYPE,CONTEST,MODULE
R_CONTEST_PARTY_ROLE,CONTEST,MODULE
R_CONTEST_TYPE,CONTEST,MODULE
R_CONTEST_RESOLUTION,CONTEST,MODULE
R_CONTRACT_COMP_TYPE,CONTRACT,MODULE
R_COORD_SYSTEM_TYPE,COORDINATE,MODULE
R_COORD_QUALITY,COORDINATE,MODULE
R_COORD_COMPUTE,COORDINATE,MODULE
R_COORD_CAPTURE,COORDINATE,MODULE
R_CORE_TYPE,CORE,MODULE
R_CORE_SOLVENT,CORE,MODULE
R_CORE_SAMPLE_TYPE,CORE,MODULE
R_CORE_RECOVERY_TYPE,CORE,MODULE
R_CORE_HANDLING,CORE,MODULE
R_CORE_SHIFT_METHOD,CORE,MODULE
R_CORRECTION_METHOD,CORRECTION,MODULE
R_COUPLING_TYPE,COUPLING,MODULE
R_CREATOR_TYPE,CREATOR,MODULE
R_CS_TRANSFORM_PARM,COORDINATE SYSTEM,MODULE
R_CS_TRANSFORM_TYPE,COORDINATE SYSTEM,MODULE
R_CURVE_TYPE,CURVE,MODULE
R_CURVE_SCALE,CURVE,MODULE
R_CURVE_XREF_TYPE,CURVE,MODULE
R_CUSHION_TYPE,CUSHION,MODULE
R_CUTTING_FLUID,CUTTING,MODULE
R_DATA_CIRC_PROCESS,DATA,MODULE
R_DATA_STORE_TYPE,DATA,MODULE
R_DATA_CIRC_STATUS,DATA,MODULE
R_DATE_FORMAT_TYPE,DATE,MODULE
R_DATUM_ORIGIN,DATUM,MODULE
R_DECLINE_TYPE,DECLINE,MODULE
R_DECLINE_COND_TYPE,DECLINE,MODULE
R_DECLINE_COND_CODE,DECLINE,MODULE
R_DECLINE_CURVE_TYPE,DECLINE,MODULE
R_DECRYPT_TYPE,DECRYPT,MODULE
R_DEDUCT_TYPE,DEDUCT,MODULE
R_DIGITAL_FORMAT,DIGITAL,MODULE
R_DIGITAL_OUTPUT,DIGITAL,MODULE
R_DIR_SRVY_RECORD,DIRECTIONAL SURVEY,MODULE
R_DIR_SRVY_CLASS,DIRECTIONAL SURVEY,MODULE
R_DIR_SRVY_COMPUTE,DIRECTIONAL SURVEY,MODULE
R_DIR_SRVY_POINT_TYPE,DIRECTIONAL SURVEY,MODULE
R_DIR_SRVY_TYPE,DIRECTIONAL SURVEY,MODULE
R_DIST_REF_PT,DISTANCE,MODULE
R_DOC_STATUS,DOCUMENT,MODULE
R_DOCUMENT_TYPE,DOCUMENT,MODULE
R_DRILL_BIT_DETAIL_CODE,DRILLING,MODULE
R_DRILL_BIT_DETAIL_TYPE,DRILLING,MODULE
R_DRILL_BIT_JET_TYPE,DRILLING,MODULE
R_DRILL_BIT_TYPE,DRILLING,MODULE
R_DRILL_HOLE_POSITION,DRILLING,MODULE
R_DRILL_STAT_CODE,DRILLING,MODULE
R_DRILL_REPORT_TIME,DRILLING,MODULE
R_DRILL_BIT_CONDITION,DRILLING,MODULE
R_DRILL_ASSEMBLY_COMP,DRILLING,MODULE
R_DRILL_STAT_TYPE,DRILLING,MODULE
R_DRILL_TOOL_TYPE,DRILLING,MODULE
R_DRILLING_MEDIA,DRILLING,MODULE
R_ECONOMIC_SCENARIO,ECONOMIC,MODULE
R_ECONOMIC_SCHEDULE,ECONOMIC,MODULE
R_ECOZONE_TYPE,ECOZONE,MODULE
R_ECOZONE_XREF,ECOZONE,MODULE
R_ECOZONE_HIER_LEVEL,ECOZONE,MODULE
R_EMPLOYEE_POSITION,EMPLOYEE,MODULE
R_EMPLOYEE_STATUS,EMPLOYEE,MODULE
R_ENCODING_TYPE,ENCODING,MODULE
R_ENHANCED_REC_TYPE,ENHANCED,MODULE
R_ENT_TYPE,ENTITLEMENT,MODULE
R_ENT_SEC_GROUP_XREF,ENTITLEMENT,MODULE
R_ENT_EXPIRY_ACTION,ENTITLEMENT,MODULE
R_ENT_COMPONENT_TYPE,ENTITLEMENT,MODULE
R_ENT_ACCESS_TYPE,ENTITLEMENT,MODULE
R_ENT_SEC_GROUP_TYPE,ENTITLEMENT,MODULE
R_EQUIP_BA_ROLE_TYPE,EQUIPMENT,MODULE
R_EQUIP_INSTALL_LOC,EQUIPMENT,MODULE
R_EQUIP_MAINT_LOC,EQUIPMENT,MODULE
R_EQUIP_MAINT_REASON,EQUIPMENT,MODULE
R_EQUIP_MAINT_STATUS,EQUIPMENT,MODULE
R_EQUIP_MAINT_STAT_TYPE,EQUIPMENT,MODULE
R_EQUIP_REMOVE_REASON,EQUIPMENT,MODULE
R_EQUIP_SPEC,EQUIPMENT,MODULE
R_EQUIP_SPEC_REF_TYPE,EQUIPMENT,MODULE
R_EQUIP_STATUS,EQUIPMENT,MODULE
R_EQUIP_STATUS_TYPE,EQUIPMENT,MODULE
R_EQUIP_SYSTEM_CONDITION,EQUIPMENT,MODULE
R_EQUIP_USE_STAT_TYPE,EQUIPMENT,MODULE
R_EQUIP_XREF_TYPE,EQUIPMENT,MODULE
R_EQUIP_COMPONENT_TYPE,EQUIPMENT,MODULE
R_EW_START_LINE,EAST-WEST,MODULE
R_EW_DIRECTION,EAST-WEST,MODULE
R_FAC_PIPE_TYPE,FACILITY,MODULE
R_FAC_MAINT_STATUS,FACILITY,MODULE
R_FAC_PIPE_COVER,FACILITY,MODULE
R_FAC_MAINT_STATUS_TYPE,FACILITY,MODULE
R_FAC_STATUS_TYPE,FACILITY,MODULE
R_FAC_SPEC_REFERENCE,FACILITY,MODULE
R_FAC_FUNCTION,FACILITY,MODULE
R_FAC_LIC_COND,FACILITY,MODULE
R_FAC_LIC_COND_CODE,FACILITY,MODULE
R_FAC_LIC_DUE_CONDITION,FACILITY,MODULE
R_FAC_LIC_EXTEND_TYPE,FACILITY,MODULE
R_FAC_LIC_VIOLATION_TYPE,FACILITY,MODULE
R_FAC_LIC_VIOL_RESOL,FACILITY,MODULE
R_FAC_MAINTAIN_TYPE,FACILITY,MODULE
R_FAC_PIPE_MATERIAL,FACILITY,MODULE
R_FACILITY_XREF_TYPE,FACILITY,MODULE
R_FACILITY_TYPE,FACILITY,MODULE
R_FACILITY_STATUS,FACILITY,MODULE
R_FACILITY_SPEC_TYPE,FACILITY,MODULE
R_FACILITY_SPEC_CODE,FACILITY,MODULE
R_FACILITY_COMP_TYPE,FACILITY,MODULE
R_FACILITY_CLASS,FACILITY,MODULE
R_FAULT_TYPE,FAULT,MODULE
R_FIELD_STATION_TYPE,FIELD,MODULE
R_FIELD_TYPE,FIELD,MODULE
R_FIELD_COMPONENT_TYPE,FIELD,MODULE
R_FIN_TYPE,FINANCE,MODULE
R_FIN_COMPONENT_TYPE,FINANCE,MODULE
R_FIN_STATUS,FINANCE,MODULE
R_FIN_COST_TYPE,FINANCE,MODULE
R_FIN_XREF_TYPE,FINANCE,MODULE
R_FLUID_TYPE,FLUID,MODULE
R_FONT_EFFECT,FONT,MODULE
R_FOOTAGE_ORIGIN,FOOTAGE,MODULE
R_FOS_TAXON_GROUP,FOSSIL,MODULE
R_FOS_TAXON_LEVEL,FOSSIL,MODULE
R_FOS_XREF,FOSSIL,MODULE
R_FOS_TAI_COLOR,FOSSIL,MODULE
R_FOS_OBS_TYPE,FOSSIL,MODULE
R_FOS_NAME_SET_TYPE,FOSSIL,MODULE
R_FOS_LIFE_HABIT,FOSSIL,MODULE
R_FOS_DESC_TYPE,FOSSIL,MODULE
R_FOS_DESC_CODE,FOSSIL,MODULE
R_FOS_ASSEMBLAGE_TYPE,FOSSIL,MODULE
R_FOS_ALIAS_TYPE,FOSSIL,MODULE
R_FOS_COLOR,FOSSIL,MODULE
R_GEOMETRY_TYPE,GEOMETRY,MODULE
R_GEOMETRY_FORMAT,GEOMETRY,MODULE
R_GRANTED_RIGHT_TYPE,GRANTED,MODULE
R_HOLE_CONDITION,HOLE,MODULE
R_HORIZ_DRILL_REASON,HORIZONTAL DRILLING,MODULE
R_HORIZ_DRILL_TYPE,HORIZONTAL DRILLING,MODULE
R_HSE_INCIDENT_COMP_TYPE,HSE,MODULE
R_HSE_INCIDENT_DETAIL,HSE,MODULE
R_HSE_RESPONSE_TYPE,HSE,MODULE
R_HSE_COMP_ROLE,HSE,MODULE
R_IMAGE_CALIBRATE_METHOD,IMAGE,MODULE
R_IMAGE_SECTION_TYPE,IMAGE,MODULE
R_INCIDENT_CAUSE_TYPE,INCIDENT,MODULE
R_INCIDENT_INTERACT_TYPE,INCIDENT,MODULE
R_INCIDENT_RESP_RESULT,INCIDENT,MODULE
R_INCIDENT_SUBST_ROLE,INCIDENT,MODULE
R_INCIDENT_CAUSE_CODE,INCIDENT,MODULE
R_INCIDENT_BA_ROLE,INCIDENT,MODULE
R_INCIDENT_SUBSTANCE,INCIDENT,MODULE
R_INFORMATION_PROCESS,INFORMATION,MODULE
R_INPUT_TYPE,INPUT TYPE,MODULE
R_INSP_COMP_TYPE,INSPECTION,MODULE
R_INSP_STATUS,INSPECTION,MODULE
R_INST_DETAIL_REF_VALUE,INSTRUMENT,MODULE
R_INST_DETAIL_TYPE,INSTRUMENT,MODULE
R_INST_DETAIL_CODE,INSTRUMENT,MODULE
R_INSTRUMENT_COMP_TYPE,INSTRUMENT,MODULE
R_INSTRUMENT_TYPE,INSTRUMENT,MODULE
R_INT_SET_STATUS_TYPE,INTEREST,MODULE
R_INT_SET_XREF_TYPE,INTEREST,MODULE
R_INT_SET_TYPE,INTEREST,MODULE
R_INT_SET_TRIGGER,INTEREST,MODULE
R_INT_SET_STATUS,INTEREST,MODULE
R_INT_SET_COMPONENT,INTEREST,MODULE
R_INT_SET_ROLE,INTEREST,MODULE
R_INTERP_ORIGIN_TYPE,INTERPRETATION,MODULE
R_INTERP_TYPE,INTERPRETATION,MODULE
R_INV_MATERIAL_TYPE,INVENTORY,MODULE
R_ITEM_SUB_CATEGORY,ITEM,MODULE
R_ITEM_CATEGORY,ITEM,MODULE
R_L_OFFR_CANCEL_RSN,LAND,MODULE
R_LAND_PROPERTY_TYPE,LAND,MODULE
R_LAND_OFFRING_TYPE,LAND,MODULE
R_LAND_OFFRING_STATUS,LAND,MODULE
R_LAND_LESSOR_TYPE,LAND,MODULE
R_LAND_COMPONENT_TYPE,LAND,MODULE
R_LAND_CASH_BID_TYPE,LAND,MODULE
R_LAND_CASE_TYPE,LAND,MODULE
R_LAND_CASE_ACTION,LAND,MODULE
R_LAND_BID_TYPE,LAND,MODULE
R_LAND_BID_STATUS,LAND,MODULE
R_LAND_BIDDER_TYPE,LAND,MODULE
R_LAND_AGREE_TYPE,LAND,MODULE
R_LAND_ACQTN_METHOD,LAND,MODULE
R_LAND_WELL_REL_TYPE,LAND,MODULE
R_LAND_UNIT_TYPE,LAND,MODULE
R_LAND_TRACT_TYPE,LAND,MODULE
R_LAND_TITLE_TYPE,LAND,MODULE
R_LAND_TITLE_CHG_RSN,LAND,MODULE
R_LAND_STATUS_TYPE,LAND,MODULE
R_LAND_RIGHT_STATUS,LAND,MODULE
R_LAND_RIGHT_CATEGORY,LAND,MODULE
R_LAND_REQ_STATUS,LAND,MODULE
R_LAND_REQUEST_TYPE,LAND,MODULE
R_LAND_RENTAL_TYPE,LAND,MODULE
R_LAND_REF_NUM_TYPE,LAND,MODULE
R_LEASE_UNIT_TYPE,LEASE,MODULE
R_LEASE_UNIT_STATUS,LEASE,MODULE
R_LEGAL_SURVEY_TYPE,LEGAL,MODULE
R_LIC_STATUS_TYPE,LICENSE,MODULE
R_LICENSE_STATUS,LICENSE,MODULE
R_LINER_TYPE,LINER,MODULE
R_LITH_ROUNDING,LITHOLOGIC,MODULE
R_LITH_ABUNDANCE,LITHOLOGIC,MODULE
R_LITH_BOUNDARY_TYPE,LITHOLOGIC,MODULE
R_LITH_COLLECT_METHOD,LITHOLOGIC,MODULE
R_LITH_COLOR,LITHOLOGIC,MODULE
R_LITH_COMPONENT,LITHOLOGIC,MODULE
R_LITH_CONSOLIDATION,LITHOLOGIC,MODULE
R_LITH_CONTAMINANT,LITHOLOGIC,MODULE
R_LITH_CYCLE_BED,LITHOLOGIC,MODULE
R_LITH_DEP_ENV,LITHOLOGIC,MODULE
R_LITH_DIAGENESIS,LITHOLOGIC,MODULE
R_LITH_DISTRIBUTION,LITHOLOGIC,MODULE
R_LITH_INTENSITY,LITHOLOGIC,MODULE
R_LITH_LOG_COMP_TYPE,LITHOLOGIC,MODULE
R_LITH_LOG_TYPE,LITHOLOGIC,MODULE
R_LITH_OIL_STAIN,LITHOLOGIC,MODULE
R_LITH_PATTERN_CODE,LITHOLOGIC,MODULE
R_LITH_PREP_CLASS,LITHOLOGIC,MODULE
R_LITH_ROCK_MATRIX,LITHOLOGIC,MODULE
R_LITH_ROCK_PROFILE,LITHOLOGIC,MODULE
R_LITH_ROCK_TYPE,LITHOLOGIC,MODULE
R_LITH_STRUCTURE,LITHOLOGIC,MODULE
R_LITH_SOURCE,LITHOLOGIC,MODULE
R_LITH_SORTING,LITHOLOGIC,MODULE
R_LITH_SCALE_SCHEME,LITHOLOGIC,MODULE
R_LOCATION_TYPE,LOCATION,MODULE
R_LOCATION_QUALITY,LOCATION,MODULE
R_LOCATION_QUALIFIER,LOCATION,MODULE
R_LOCATION_DESC_TYPE,LOCATION,MODULE
R_LOG_ARRAY_DIMENSION,LOG,MODULE
R_LOG_TOOL_TYPE,LOG,MODULE
R_LOG_POSITION_TYPE,LOG,MODULE
R_LOG_MATRIX,LOG,MODULE
R_LOG_INDEX_TYPE,LOG,MODULE
R_LOG_GOOD_VALUE_TYPE,LOG,MODULE
R_LOG_DIRECTION,LOG,MODULE
R_LOG_CORRECT_METHOD,LOG,MODULE
R_LOG_CRV_CLASS_SYSTEM,LOG,MODULE
R_LOG_DEPTH_TYPE,LOG,MODULE
R_LOST_MATERIAL_TYPE,LOST MATERIAL TYPE,MODULE
R_LR_FIELD_XREF,LAND RIGHT,MODULE
R_LR_FACILITY_XREF,LAND RIGHT,MODULE
R_LR_XREF_TYPE,LAND RIGHT,MODULE
R_LR_TERMIN_TYPE,LAND RIGHT,MODULE
R_LR_SIZE_TYPE,LAND RIGHT,MODULE
R_LR_TERMIN_REQMT,LAND RIGHT,MODULE
R_MAINT_PROCESS,MAINTENANCE PROCESS,MODULE
R_MBAL_COMPRESS_TYPE,MBAL,MODULE
R_MBAL_CURVE_TYPE,MBAL,MODULE
R_MEASURE_TECHNIQUE,MEASURE,MODULE
R_MEASUREMENT_TYPE,MEASUREMENT,MODULE
R_MEDIA_TYPE,MEDIA,MODULE
R_MISC_DATA_TYPE,MISCELLANEOUS,MODULE
R_MISC_DATA_CODE,MISCELLANEOUS,MODULE
R_MUD_LOG_COLOR,MUD,MODULE
R_MUD_PROPERTY_CODE,MUD,MODULE
R_MUD_PROPERTY_REF,MUD,MODULE
R_MUD_PROPERTY_TYPE,MUD,MODULE
R_MUD_SAMPLE_TYPE,MUD,MODULE
R_MUD_COLLECT_REASON,MUD,MODULE
R_NAME_SET_XREF_TYPE,STRATIGRAPHIC,MODULE
R_NODE_POSITION,NODE,MODULE
R_NOTIFICATION_TYPE,NOTIFICATION,MODULE
R_NOTIFICATION_COMP_TYPE,NOTIFICATION,MODULE
R_NS_START_LINE,NORTH-SOUTH,MODULE
R_NS_DIRECTION,NORTH-SOUTH,MODULE
R_OBLIG_SUSPEND_PAY,OBLIGATION,MODULE
R_OBLIG_CALC_POINT,OBLIGATION,MODULE
R_OBLIG_CATEGORY,OBLIGATION,MODULE
R_OBLIG_COMPONENT_TYPE,OBLIGATION,MODULE
R_OBLIG_COMP_REASON,OBLIGATION,MODULE
R_OBLIG_XREF_TYPE,OBLIGATION,MODULE
R_OBLIG_TYPE,OBLIGATION,MODULE
R_OBLIG_TRIGGER,OBLIGATION,MODULE
R_OBLIG_CALC_METHOD,OBLIGATION,MODULE
R_OBLIG_REMARK_TYPE,OBLIGATION,MODULE
R_OBLIG_PAY_RESP,OBLIGATION,MODULE
R_OBLIG_PARTY_TYPE,OBLIGATION,MODULE
R_OBLIG_DEDUCT_CALC,OBLIGATION,MODULE
R_OFFSHORE_AREA_CODE,OFFSHORE,MODULE
R_OFFSHORE_COMP_TYPE,OFFSHORE,MODULE
R_OIL_TYPE,OIL TYPE,MODULE
R_ONTOGENY_TYPE,ONTOGENY,MODULE
R_OPERAND_QUALIFIER,OPERAND,MODULE
R_PAL_SUM_COMP_TYPE,PALEO,MODULE
R_PAL_SUM_XREF_TYPE,PALEO,MODULE
R_PALEO_INTERP_TYPE,PALEO,MODULE
R_PALEO_TYPE_FOSSIL,PALEO,MODULE
R_PALEO_IND_TYPE,PALEO,MODULE
R_PARCEL_TYPE,PARCEL,MODULE
R_PARCEL_LOT_TYPE,PARCEL,MODULE
R_PAY_DETAIL_TYPE,PAYMENT,MODULE
R_PAY_METHOD,PAYMENT,MODULE
R_PAY_RATE_TYPE,PAYMENT,MODULE
R_PAYMENT_TYPE,PAYMENT,MODULE
R_PAYZONE_TYPE,PAYZONE,MODULE
R_PDEN_XREF_TYPE,PDEN,MODULE
R_PDEN_STATUS_TYPE,PDEN,MODULE
R_PDEN_AMEND_REASON,PDEN,MODULE
R_PDEN_COMPONENT_TYPE,PDEN,MODULE
R_PDEN_STATUS,PDEN,MODULE
R_PERFORATION_TYPE,PERFORATION,MODULE
R_PERFORATION_METHOD,PERFORATION,MODULE
R_PERIOD_TYPE,PERIOD,MODULE
R_PHYS_ITEM_GROUP_TYPE,PHYSICAL,MODULE
R_PHYSICAL_ITEM_STATUS,PHYSICAL,MODULE
R_PHYSICAL_PROCESS,PHYSICAL,MODULE
R_PICK_VERSION_TYPE,PICK,MODULE
R_PICK_QUALITY,PICK,MODULE
R_PICK_LOCATION,PICK,MODULE
R_PICK_QUALIFIER,PICK,MODULE
R_PICK_QUALIF_REASON,PICK,MODULE
R_PLATFORM_TYPE,PLATFORM,MODULE
R_PLOT_SYMBOL,PLOT,MODULE
R_PLUG_TYPE,PLUG,MODULE
R_POOL_TYPE,POOL,MODULE
R_POOL_COMPONENT_TYPE,POOL,MODULE
R_POOL_STATUS,POOL,MODULE
R_POROSITY_TYPE,POROSITY,MODULE
R_PPDM_UOM_USAGE,PPDM,MODULE
R_PPDM_AUDIT_REASON,PPDM,MODULE
R_PPDM_TABLE_TYPE,PPDM,MODULE
R_PPDM_SYSTEM_TYPE,PPDM,MODULE
R_PPDM_SCHEMA_GROUP,PPDM,MODULE
R_PPDM_SCHEMA_ENTITY,PPDM,MODULE
R_PPDM_RULE_XREF_TYPE,PPDM,MODULE
R_PPDM_RULE_XREF_COND,PPDM,MODULE
R_PPDM_RULE_USE_COND,PPDM,MODULE
R_PPDM_RULE_STATUS,PPDM,MODULE
R_PPDM_RULE_PURPOSE,PPDM,MODULE
R_PPDM_RULE_DETAIL_TYPE,PPDM,MODULE
R_PPDM_RULE_COMP_TYPE,PPDM,MODULE
R_PPDM_RULE_CLASS,PPDM,MODULE
R_PPDM_ROW_QUALITY,PPDM,MODULE
R_PPDM_REF_VALUE_TYPE,PPDM,MODULE
R_PPDM_RDBMS,PPDM,MODULE
R_PPDM_QC_TYPE,PPDM,MODULE
R_PPDM_QC_STATUS,PPDM,MODULE
R_PPDM_QC_QUALITY,PPDM,MODULE
R_PPDM_PROC_TYPE,PPDM,MODULE
R_PPDM_OWNER_ROLE,PPDM,MODULE
R_PPDM_OPERATING_SYSTEM,PPDM,MODULE
R_PPDM_OBJECT_TYPE,PPDM,MODULE
R_PPDM_OBJECT_STATUS,PPDM,MODULE
R_PPDM_METRIC_TYPE,PPDM,MODULE
R_PPDM_METRIC_REF_VALUE,PPDM,MODULE
R_PPDM_METRIC_COMP_TYPE,PPDM,MODULE
R_PPDM_METRIC_CODE,PPDM,MODULE
R_PPDM_MAP_TYPE,PPDM,MODULE
R_PPDM_MAP_RULE_TYPE,PPDM,MODULE
R_PPDM_INDEX_CATEGORY,PPDM,MODULE
R_PPDM_GROUP_XREF_TYPE,PPDM,MODULE
R_PPDM_GROUP_USE,PPDM,MODULE
R_PPDM_GROUP_TYPE,PPDM,MODULE
R_PPDM_FAIL_RESULT,PPDM,MODULE
R_PPDM_ENFORCE_METHOD,PPDM,MODULE
R_PPDM_DEFAULT_VALUE,PPDM,MODULE
R_PPDM_DATA_TYPE,PPDM,MODULE
R_PPDM_CREATE_METHOD,PPDM,MODULE
R_PPDM_BOOLEAN_RULE,PPDM,MODULE
R_PPDM_AUDIT_TYPE,PPDM,MODULE
R_PPDM_UOM_ALIAS_TYPE,PPDM,MODULE
R_PRESERVE_QUALITY,PRESERVE,MODULE
R_PRESERVE_TYPE,PRESERVE,MODULE
R_PROD_STR_FM_STAT_TYPE,PROD,MODULE
R_PROD_STR_FM_STATUS,PROD,MODULE
R_PROD_STRING_TYPE,PROD,MODULE
R_PROD_STRING_STAT_TYPE,PROD,MODULE
R_PROD_STRING_STATUS,PROD,MODULE
R_PROD_STRING_COMP_TYPE,PROD,MODULE
R_PRODUCT_COMPONENT_TYPE,PRODUCT,MODULE
R_PRODUCTION_METHOD,PRODUCTION,MODULE
R_PROJ_STEP_TYPE,PROJECT,MODULE
R_PROJ_STEP_XREF_TYPE,PROJECT,MODULE
R_PROJECT_STATUS_TYPE,PROJECT,MODULE
R_PROJECT_ALIAS_TYPE,PROJECT,MODULE
R_PROJECT_BA_ROLE,PROJECT,MODULE
R_PROJECT_TYPE,PROJECT,MODULE
R_PROJECT_STATUS,PROJECT,MODULE
R_PROJECT_EQUIP_ROLE,PROJECT,MODULE
R_PROJECT_CONDITION,PROJECT,MODULE
R_PROJECT_COMP_TYPE,PROJECT,MODULE
R_PROJECT_COMP_REASON,PROJECT,MODULE
R_PROJECTION_TYPE,PROJECTION,MODULE
R_PROPPANT_TYPE,PROPPANT,MODULE
R_PUBLICATION_NAME,PUBLICATION,MODULE
R_QUALIFIER_TYPE,QUALIFIER,MODULE
R_RATE_TYPE,RATE,MODULE
R_RATE_SCHED_XREF,RATE,MODULE
R_RATE_SCHEDULE_COMP_TYPE,RATE,MODULE
R_RATE_SCHEDULE,RATE,MODULE
R_RATE_CONDITION,RATE,MODULE
R_RATIO_FLUID_TYPE,RATIO,MODULE
R_RATIO_CURVE_TYPE,RATIO,MODULE
R_RECORDER_POSITION,RECORDER,MODULE
R_RECORDER_TYPE,RECORDER,MODULE
R_REMARK_USE_TYPE,REMARK,MODULE
R_REMARK_TYPE,REMARK,MODULE
R_REP_HIER_ALIAS_TYPE,REPORT,MODULE
R_REPEAT_STRAT_TYPE,STRATIGRAPHY,MODULE
R_REPORT_HIER_TYPE,REPORT,MODULE
R_REPORT_HIER_COMP,REPORT,MODULE
R_REPORT_HIER_LEVEL,REPORT,MODULE
R_RESENT_XREF_TYPE,RESERVE,MODULE
R_RESENT_VOL_METHOD,RESERVE,MODULE
R_RESENT_USE_TYPE,RESERVE,MODULE
R_RESENT_REV_CAT,RESERVE,MODULE
R_RESENT_CONFIDENCE,RESERVE,MODULE
R_RESENT_COMP_TYPE,RESERVE,MODULE
R_RESENT_GROUP_TYPE,RESERVE,MODULE
R_REST_TYPE,RESTRICTION,MODULE
R_REST_REMARK,RESTRICTION,MODULE
R_REST_DURATION,RESTRICTION,MODULE
R_REST_ACTIVITY,RESTRICTION,MODULE
R_RETENTION_PERIOD,RETENTION,MODULE
R_REVISION_METHOD,REVISION,MODULE
R_RIG_BLOWOUT_PREVENTER,RIG,MODULE
R_RIG_CATEGORY,RIG,MODULE
R_RIG_CLASS,RIG,MODULE
R_RIG_CODE,RIG,MODULE
R_RIG_DESANDER_TYPE,RIG,MODULE
R_RIG_DESILTER_TYPE,RIG,MODULE
R_RIG_DRAWWORKS,RIG,MODULE
R_RIG_GENERATOR_TYPE,RIG,MODULE
R_RIG_HOOKBLOCK_TYPE,RIG,MODULE
R_RIG_MAST,RIG,MODULE
R_RIG_OVERHEAD_CAPACITY,RIG,MODULE
R_RIG_OVERHEAD_TYPE,RIG,MODULE
R_RIG_PUMP,RIG,MODULE
R_RIG_PUMP_FUNCTION,RIG,MODULE
R_RIG_SWIVEL_TYPE,RIG,MODULE
R_RIG_SUBSTRUCTURE,RIG,MODULE
R_RIG_TYPE,RIG,MODULE
R_RM_THESAURUS_XREF,RMII,MODULE
R_RMII_STATUS_TYPE,RMII,MODULE
R_RMII_STATUS,RMII,MODULE
R_RMII_QUALITY_CODE,RMII,MODULE
R_RMII_METADATA_TYPE,RMII,MODULE
R_RMII_METADATA_CODE,RMII,MODULE
R_RMII_GROUP_TYPE,RMII,MODULE
R_RMII_DESC_TYPE,RMII,MODULE
R_RMII_DEFICIENCY,RMII,MODULE
R_RMII_CONTENT_TYPE,RMII,MODULE
R_RMII_CONTACT_TYPE,RMII,MODULE
R_ROAD_TRAFFIC_FLOW_TYPE,ROAD,MODULE
R_ROAD_CONTROL_TYPE,ROAD,MODULE
R_ROAD_DRIVING_SIDE,ROAD,MODULE
R_ROAD_CONDITION,ROAD,MODULE
R_ROCK_CLASS_SCHEME,ROCK,MODULE
R_ROLL_ALONG_METHOD,ROLL,MODULE
R_ROYALTY_TYPE,ROYALTY,MODULE
R_SALINITY_TYPE,SALINITY,MODULE
R_SAMPLE_TYPE,SAMPLE,MODULE
R_SAMPLE_SHAPE,SAMPLE,MODULE
R_SAMPLE_WATER_TYPE,SAMPLE,MODULE
R_SAMPLE_LOCATION,SAMPLE,MODULE
R_SAMPLE_DESC_TYPE,SAMPLE,MODULE
R_SAMPLE_COLLECTION_TYPE,SAMPLE,MODULE
R_SAMPLE_ANAL_COMP_TYPE,SAMPLE,MODULE
R_SCALE_TRANSFORM,SCALE,MODULE
R_SCREEN_LOCATION,SCREEN,MODULE
R_SECTION_TYPE,SECTION,MODULE
R_SEIS_TRANS_COMP_TYPE,SEISMIC,MODULE
R_SEIS_SWEEP_TYPE,SEISMIC,MODULE
R_SEIS_SUMMARY_TYPE,SEISMIC,MODULE
R_SEIS_STATUS_TYPE,SEISMIC,MODULE
R_SEIS_STATUS,SEISMIC,MODULE
R_SEIS_STATION_TYPE,SEISMIC,MODULE
R_SEIS_SRC_MAKE,SEISMIC,MODULE
R_SEIS_SRC_ARRAY_TYPE,SEISMIC,MODULE
R_SEIS_SPECTRUM_TYPE,SEISMIC,MODULE
R_SEIS_SET_COMPONENT_TYPE,SEISMIC,MODULE
R_SEIS_SEGMENT_REASON,SEISMIC,MODULE
R_SEIS_SAMPLE_TYPE,SEISMIC,MODULE
R_SEIS_REF_NUM_TYPE,SEISMIC,MODULE
R_SEIS_REF_DATUM,SEISMIC,MODULE
R_SEIS_RECORD_TYPE,SEISMIC,MODULE
R_SEIS_RCVR_TYPE,SEISMIC,MODULE
R_SEIS_RCVR_ARRY_TYPE,SEISMIC,MODULE
R_SEIS_RCRD_MAKE,SEISMIC,MODULE
R_SEIS_RCRD_FMT_TYPE,SEISMIC,MODULE
R_SEIS_PROC_STEP_TYPE,SEISMIC,MODULE
R_SEIS_PROC_STEP_NAME,SEISMIC,MODULE
R_SEIS_PROC_STATUS,SEISMIC,MODULE
R_SEIS_PROC_SET_TYPE,SEISMIC,MODULE
R_SEIS_PROC_PARM,SEISMIC,MODULE
R_SEIS_PROC_COMP_TYPE,SEISMIC,MODULE
R_SEIS_PICK_METHOD,SEISMIC,MODULE
R_SEIS_PATCH_TYPE,SEISMIC,MODULE
R_SEIS_PARM_ORIGIN,SEISMIC,MODULE
R_SEIS_LIC_VIOL_TYPE,SEISMIC,MODULE
R_SEIS_LIC_VIOL_RESOL,SEISMIC,MODULE
R_SEIS_LIC_DUE_CONDITION,SEISMIC,MODULE
R_SEIS_LIC_COND_CODE,SEISMIC,MODULE
R_SEIS_LIC_COND,SEISMIC,MODULE
R_SEIS_INSP_COMPONENT_TYPE,SEISMIC,MODULE
R_SEIS_GROUP_TYPE,SEISMIC,MODULE
R_SEIS_FLOW_DESC_TYPE,SEISMIC,MODULE
R_SEIS_ENERGY_TYPE,SEISMIC,MODULE
R_SEIS_DIMENSION,SEISMIC,MODULE
R_SEIS_CHANNEL_TYPE,SEISMIC,MODULE
R_SEIS_CABLE_MAKE,SEISMIC,MODULE
R_SEIS_BIN_OUTLINE_TYPE,SEISMIC,MODULE
R_SEIS_BIN_METHOD,SEISMIC,MODULE
R_SEIS_AUTHORIZE_TYPE,SEISMIC,MODULE
R_SEIS_AUTHORIZE_REASON,SEISMIC,MODULE
R_SEIS_AUTHORIZE_LIMIT,SEISMIC,MODULE
R_SEIS_ACTIVITY_TYPE,SEISMIC,MODULE
R_SEIS_ACTIVITY_CLASS,SEISMIC,MODULE
R_SEIS_3D_TYPE,SEISMIC,MODULE
R_SEISMIC_PATH,SEISMIC,MODULE
R_SEND_METHOD,SEND METHOD,MODULE
R_SERVICE_QUALITY,SERVICE,MODULE
R_SF_XREF_TYPE,SUPPORT FACILITY,MODULE
R_SF_AIRSTRIP_TYPE,SUPPORT FACILITY,MODULE
R_SF_VESSEL_ROLE,SUPPORT FACILITY,MODULE
R_SF_VEHICLE_TYPE,SUPPORT FACILITY,MODULE
R_SF_TOWER_TYPE,SUPPORT FACILITY,MODULE
R_SF_SURFACE_TYPE,SUPPORT FACILITY,MODULE
R_SF_STATUS_TYPE,SUPPORT FACILITY,MODULE
R_SF_STATUS,SUPPORT FACILITY,MODULE
R_SF_ROAD_TYPE,SUPPORT FACILITY,MODULE
R_SF_PAD_TYPE,SUPPORT FACILITY,MODULE
R_SF_MAINTAIN_TYPE,SUPPORT FACILITY,MODULE
R_SF_LANDING_TYPE,SUPPORT FACILITY,MODULE
R_SF_ELECTRIC_TYPE,SUPPORT FACILITY,MODULE
R_SF_DOCK_TYPE,SUPPORT FACILITY,MODULE
R_SF_DESC_VALUE,SUPPORT FACILITY,MODULE
R_SF_DESC_TYPE,SUPPORT FACILITY,MODULE
R_SF_COMPONENT_TYPE,SUPPORT FACILITY,MODULE
R_SF_BRIDGE_TYPE,SUPPORT FACILITY,MODULE
R_SF_VESSEL_TYPE,SUPPORT FACILITY,MODULE
R_SHOW_TYPE,SHOW TYPE,MODULE
R_SHUTIN_PRESS_TYPE,SHUTIN PRESSURE TYPE,MODULE
R_SOURCE_ORIGIN,SOURCE ORIGIN,MODULE
R_SP_ZONE_TYPE,SPATIAL,MODULE
R_SP_ZONE_DERIV,SPATIAL,MODULE
R_SP_ZONE_DEFIN__XREF,SPATIAL,MODULE
R_SP_POINT_VERSION_TYPE,SPATIAL,MODULE
R_SPACING_UNIT_TYPE,SPACING,MODULE
R_SPATIAL_XREF_TYPE,SPATIAL,MODULE
R_SPATIAL_DESC_TYPE,SPATIAL,MODULE
R_SPATIAL_DESC_COMP_TYPE,SPATIAL,MODULE
R_STATUS_GROUP,STATUS GROUP,MODULE
R_STORE_STATUS,STORE,MODULE
R_STRAT_UNIT_DESC,STRATIGRAPHIC,MODULE
R_STRAT_UNIT_COMP_TYPE,STRATIGRAPHIC,MODULE
R_STRAT_TYPE,STRATIGRAPHIC,MODULE
R_STRAT_TOPO_RELATION,STRATIGRAPHIC,MODULE
R_STRAT_STATUS,STRATIGRAPHIC,MODULE
R_STRAT_OCCURRENCE_TYPE,STRATIGRAPHIC,MODULE
R_STRAT_NAME_SET_TYPE,STRATIGRAPHIC,MODULE
R_STRAT_INTERP_METHOD,STRATIGRAPHIC,MODULE
R_STRAT_UNIT_QUALIFIER,STRATIGRAPHIC,MODULE
R_STRAT_UNIT_TYPE,STRATIGRAPHIC,MODULE
R_STRAT_HIERARCHY,STRATIGRAPHIC,MODULE
R_STRAT_ACQTN_METHOD,STRATIGRAPHIC,MODULE
R_STRAT_FLD_NODE_LOC,STRATIGRAPHIC,MODULE
R_STRAT_EQUIV_TYPE,STRATIGRAPHIC,MODULE
R_STRAT_EQUIV_DIRECT,STRATIGRAPHIC,MODULE
R_STRAT_DESC_TYPE,STRATIGRAPHIC,MODULE
R_STRAT_CORR_TYPE,STRATIGRAPHIC,MODULE
R_STRAT_CORR_CRITERIA,STRATIGRAPHIC,MODULE
R_STRAT_COL_XREF_TYPE,STRATIGRAPHIC,MODULE
R_STRAT_COLUMN_TYPE,STRATIGRAPHIC,MODULE
R_STRAT_ALIAS_TYPE,STRATIGRAPHIC,MODULE
R_STRAT_AGE_METHOD,STRATIGRAPHIC,MODULE
R_STREAMER_POSITION,STREAMER,MODULE
R_STREAMER_COMP,STREAMER,MODULE
R_SUBSTANCE_COMP_TYPE,SUBSTANCE,MODULE
R_SW_APPLICATION,SOFTWARE,MODULE
R_TAX_CREDIT_CODE,TAX,MODULE
R_TEST_EQUIPMENT,TEST,MODULE
R_TEST_RECOV_METHOD,TEST,MODULE
R_TEST_RESULT,TEST,MODULE
R_TEST_SHUTOFF_TYPE,TEST,MODULE
R_TEST_PERIOD_TYPE,TEST,MODULE
R_TEST_SUBTYPE,TEST,MODULE
R_TITLE_OWN_TYPE,TITLE OWNERSHIP,MODULE
R_TOUR_OCCURRENCE_TYPE,TOUR OCCURENCE,MODULE
R_TRACE_HEADER_FORMAT,TRACE,MODULE
R_TRACE_HEADER_WORD,TRACE,MODULE
R_TRANS_TYPE,TRANSACTION,MODULE
R_TRANS_STATUS,TRANSACTION,MODULE
R_TRANS_COMP_TYPE,TRANSACTION,MODULE
R_TREATMENT_TYPE,TREATMENT,MODULE
R_TREATMENT_FLUID,TREATMENT,MODULE
R_TUBING_TYPE,TUBING,MODULE
R_TUBING_GRADE,TUBING,MODULE
R_TVD_METHOD,TVD,MODULE
R_VELOCITY_DIMENSION,VELOCITY,MODULE
R_VELOCITY_TYPE,VELOCITY,MODULE
R_VELOCITY_COMPUTE,VELOCITY,MODULE
R_VERTICAL_DATUM_TYPE,VERTICAL,MODULE
R_VESSEL_REFERENCE,VESSEL,MODULE
R_VOLUME_METHOD,VOLUME,MODULE
R_VSP_TYPE,VERTICAL SEISMIC PROFILE,MODULE
R_WASTE_ADJUST_REASON,WASTE,MODULE
R_WASTE_MATERIAL,WASTE,MODULE
R_WASTE_ORIGIN,WASTE,MODULE
R_WASTE_HAZARD_TYPE,WASTE,MODULE
R_WASTE_FACILITY_TYPE,WASTE,MODULE
R_WASTE_HANDLING,WASTE,MODULE
R_WATER_DATUM,WATER,MODULE
R_WATER_TYPE,WATER,MODULE
R_WATER_CONDITION,WATER,MODULE
R_WATER_BOTTOM_ZONE,WATER,MODULE
R_WEATHER_CONDITION,WEATHER,MODULE
R_WELL_PROFILE_TYPE,WELL,MODULE
R_WELL_NODE_PICK_METHOD,WELL,MODULE
R_WELL_LOG_CLASS,WELL,MODULE
R_WELL_LIC_VIOL_TYPE,WELL,MODULE
R_WELL_LIC_VIOL_RESOL,WELL,MODULE
R_WELL_LIC_COND_CODE,WELL,MODULE
R_WELL_LIC_COND,WELL,MODULE
R_WELL_LEVEL_TYPE,WELL,MODULE
R_WELL_FACILITY_USE_TYPE,WELL,MODULE
R_WELL_DRILL_OP_TYPE,WELL,MODULE
R_WELL_DOWNTIME_TYPE,WELL,MODULE
R_WELL_DATUM_TYPE,WELL,MODULE
R_WELL_COMPONENT_TYPE,WELL,MODULE
R_WELL_CLASS,WELL,MODULE
R_WELL_CIRC_PRESS_TYPE,WELL,MODULE
R_WELL_ALIAS_LOCATION,WELL,MODULE
R_WELL_ACT_TYPE_EQUIV,WELL,MODULE
R_WELL_ACTIVITY_COMP_TYPE,WELL,MODULE
R_WELL_ACTIVITY_CAUSE,WELL,MODULE
R_WELL_QUALIFIC_TYPE,WELL,MODULE
R_WELL_REF_VALUE_TYPE,WELL,MODULE
R_WELL_RELATIONSHIP,WELL,MODULE
R_WELL_SERVICE_METRIC,WELL,MODULE
R_WELL_SERV_METRIC_CODE,WELL,MODULE
R_WELL_SF_USE_TYPE,WELL,MODULE
R_WELL_STATUS,WELL,MODULE
R_WELL_STATUS_TYPE,WELL,MODULE
R_WELL_TEST_TYPE,WELL,MODULE
R_WELL_XREF_TYPE,WELL,MODULE
R_WELL_ZONE_INT_VALUE,WELL,MODULE
R_WELL_LIC_DUE_CONDITION,WELL,MODULE
R_WIND_STRENGTH,WIND,MODULE
R_WO_COMPONENT_TYPE,WORK ORDER,MODULE
R_WO_CONDITION,WORK ORDER,MODULE
R_WO_BA_ROLE,WORK ORDER,MODULE
R_WO_DELIVERY_TYPE,WORK ORDER,MODULE
R_WO_INSTRUCTION,WORK ORDER,MODULE
R_WO_TYPE,WORK ORDER,MODULE
R_WO_XREF_TYPE,WORK ORDER,MODULE
R_WORK_BID_TYPE,WORK ORDER,MODULE
R_TIMEZONE,GLOBAL,MODULE
R_CLIMATE,GLOBAL,MODULE
R_SEVERITY,GLOBAL,MODULE
R_QUALITY,GLOBAL,MODULE
R_ORIENTATION,GLOBAL,MODULE
R_NORTH,GLOBAL,MODULE
R_MUNICIPALITY,GLOBAL,MODULE
R_MONTH,GLOBAL,MODULE
R_LITHOLOGY,GLOBAL,MODULE
R_LANGUAGE,GLOBAL,MODULE
R_FONT,GLOBAL,MODULE
R_ENVIRONMENT,GLOBAL,MODULE
R_DIRECTION,GLOBAL,MODULE
R_COLOR,GLOBAL,MODULE
R_SOURCE,GLOBAL,MODULE
APPLICATION,RING18,RING
APPLICATION_COMPONENT,RING24,RING
APPLIC_ALIAS,RING20,RING
APPLIC_AREA,RING20,RING
APPLIC_ATTACH,RING20,RING
APPLIC_BA,RING20,RING
APPLIC_DESC,RING20,RING
APPLIC_REMARK,RING20,RING
AREA,RING06,RING
AREA_ALIAS,RING10,RING
AREA_COMPONENT,RING24,RING
AREA_CONTAIN,RING08,RING
AREA_DESCRIPTION,RING18,RING
BA_ADDRESS,RING08,RING
BA_ALIAS,RING10,RING
BA_AUTHORITY,RING10,RING
BA_AUTHORITY_COMP,RING24,RING
BA_COMPONENT,RING24,RING
BA_CONSORTIUM_SERVICE,RING16,RING
BA_CONTACT_INFO,RING12,RING
BA_CREW,RING10,RING
BA_CREW_MEMBER,RING12,RING
BA_DESCRIPTION,RING18,RING
BA_EMPLOYEE,RING06,RING
BA_LICENSE,RING20,RING
BA_LICENSE_ALIAS,RING22,RING
BA_LICENSE_AREA,RING22,RING
BA_LICENSE_COND,RING22,RING
BA_LICENSE_COND_CODE,RING20,RING
BA_LICENSE_COND_TYPE,RING18,RING
BA_LICENSE_REMARK,RING22,RING
BA_LICENSE_STATUS,RING22,RING
BA_LICENSE_TYPE,RING16,RING
BA_LICENSE_VIOLATION,RING24,RING
BA_ORGANIZATION,RING10,RING
BA_ORGANIZATION_COMP,RING24,RING
BA_PERMIT,RING06,RING
BA_PREFERENCE,RING10,RING
BA_PREFERENCE_LEVEL,RING12,RING
BA_SERVICE,RING06,RING
BA_SERVICE_ADDRESS,RING12,RING
BA_XREF,RING06,RING
BUSINESS_ASSOCIATE,RING04,RING
CAT_ADDITIVE,RING10,RING
CAT_ADDITIVE_ALIAS,RING12,RING
CAT_ADDITIVE_SPEC,RING16,RING
CAT_ADDITIVE_TYPE,RING04,RING
CAT_ADDITIVE_XREF,RING12,RING
CAT_EQUIPMENT,RING06,RING
CAT_EQUIP_ALIAS,RING10,RING
CAT_EQUIP_SPEC,RING18,RING
CLASS_LEVEL,RING14,RING
CLASS_LEVEL_ALIAS,RING16,RING
CLASS_LEVEL_COMPONENT,RING24,RING
CLASS_LEVEL_DESC,RING16,RING
CLASS_LEVEL_TYPE,RING12,RING
CLASS_LEVEL_XREF,RING16,RING
CLASS_SYSTEM,RING06,RING
CLASS_SYSTEM_ALIAS,RING10,RING
CLASS_SYSTEM_XREF,RING08,RING
CONSENT,RING04,RING
CONSENT_BA,RING06,RING
CONSENT_COMPONENT,RING24,RING
CONSENT_COND,RING26,RING
CONSENT_REMARK,RING06,RING
CONSULT,RING04,RING
CONSULT_BA,RING06,RING
CONSULT_COMPONENT,RING24,RING
CONSULT_DISC,RING06,RING
CONSULT_DISC_BA,RING08,RING
CONSULT_DISC_ISSUE,RING08,RING
CONSULT_ISSUE,RING06,RING
CONSULT_XREF,RING06,RING
CONTEST,RING04,RING
CONTEST_COMPONENT,RING24,RING
CONTEST_PARTY,RING06,RING
CONTEST_REMARK,RING06,RING
CONTRACT,RING10,RING
CONTRACT_COMPONENT,RING24,RING
CONT_ACCOUNT_PROC,RING12,RING
CONT_ALIAS,RING12,RING
CONT_ALLOW_EXPENSE,RING14,RING
CONT_AREA,RING12,RING
CONT_BA,RING12,RING
CONT_BA_SERVICE,RING16,RING
CONT_EXEMPTION,RING14,RING
CONT_EXTENSION,RING16,RING
CONT_JURISDICTION,RING12,RING
CONT_KEY_WORD,RING14,RING
CONT_MKTG_ELECT_SUBST,RING16,RING
CONT_OPER_PROC,RING12,RING
CONT_PROVISION,RING12,RING
CONT_PROVISION_TEXT,RING14,RING
CONT_PROVISION_XREF,RING14,RING
CONT_REMARK,RING12,RING
CONT_STATUS,RING12,RING
CONT_TYPE,RING12,RING
CONT_VOTING_PROC,RING12,RING
CONT_XREF,RING12,RING
CS_ALIAS,RING12,RING
CS_COORDINATE_SYSTEM,RING10,RING
CS_COORD_ACQUISITION,RING10,RING
CS_COORD_TRANSFORM,RING08,RING
CS_COORD_TRANS_PARM,RING08,RING
CS_COORD_TRANS_VALUE,RING10,RING
CS_ELLIPSOID,RING10,RING
CS_GEODETIC_DATUM,RING10,RING
CS_PRIME_MERIDIAN,RING10,RING
CS_PRINCIPAL_MERIDIAN,RING02,RING
ECOZONE,RING10,RING
ECOZONE_ALIAS,RING12,RING
ECOZONE_HIERARCHY,RING14,RING
ECOZONE_SET,RING06,RING
ECOZONE_SET_PART,RING12,RING
ECOZONE_XREF,RING12,RING
ENTITLEMENT,RING10,RING
ENT_COMPONENT,RING30,RING
ENT_GROUP,RING12,RING
ENT_SECURITY_BA,RING06,RING
ENT_SECURITY_GROUP,RING04,RING
ENT_SECURITY_GROUP_XREF,RING06,RING
EQUIPMENT,RING08,RING
EQUIPMENT_ALIAS,RING10,RING
EQUIPMENT_BA,RING12,RING
EQUIPMENT_COMPONENT,RING24,RING
EQUIPMENT_MAINTAIN,RING10,RING
EQUIPMENT_MAINT_STATUS,RING12,RING
EQUIPMENT_MAINT_TYPE,RING08,RING
EQUIPMENT_SPEC,RING16,RING
EQUIPMENT_SPEC_SET,RING06,RING
EQUIPMENT_SPEC_SET_SPEC,RING16,RING
EQUIPMENT_STATUS,RING10,RING
EQUIPMENT_USE_STAT,RING16,RING
EQUIPMENT_XREF,RING10,RING
FACILITY,RING12,RING
FACILITY_ALIAS,RING14,RING
FACILITY_AREA,RING14,RING
FACILITY_BA_SERVICE,RING16,RING
FACILITY_CLASS,RING14,RING
FACILITY_COMPONENT,RING24,RING
FACILITY_DESCRIPTION,RING18,RING
FACILITY_EQUIPMENT,RING14,RING
FACILITY_FIELD,RING14,RING
FACILITY_LICENSE,RING20,RING
FACILITY_LIC_ALIAS,RING22,RING
FACILITY_LIC_AREA,RING22,RING
FACILITY_LIC_COND,RING22,RING
FACILITY_LIC_REMARK,RING22,RING
FACILITY_LIC_STATUS,RING22,RING
FACILITY_LIC_TYPE,RING16,RING
FACILITY_LIC_VIOLATION,RING24,RING
FACILITY_MAINTAIN,RING14,RING
FACILITY_MAINT_STATUS,RING16,RING
FACILITY_RATE,RING16,RING
FACILITY_RESTRICTION,RING14,RING
FACILITY_STATUS,RING14,RING
FACILITY_SUBSTANCE,RING16,RING
FACILITY_VERSION,RING14,RING
FACILITY_XREF,RING14,RING
FIELD,RING06,RING
FIELD_ALIAS,RING10,RING
FIELD_AREA,RING08,RING
FIELD_COMPONENT,RING24,RING
FIELD_INSTRUMENT,RING12,RING
FIELD_VERSION,RING08,RING
FINANCE,RING10,RING
FIN_COMPONENT,RING28,RING
FIN_COST_SUMMARY,RING30,RING
FIN_XREF,RING12,RING
FOSSIL,RING12,RING
FOSSIL_AGE,RING14,RING
FOSSIL_ASSEMBLAGE,RING12,RING
FOSSIL_DESC,RING18,RING
FOSSIL_DOCUMENT,RING14,RING
FOSSIL_EQUIVALENCE,RING14,RING
FOSSIL_NAME_SET,RING08,RING
FOSSIL_NAME_SET_FOSSIL,RING14,RING
FOSSIL_TAXON_ALIAS,RING10,RING
FOSSIL_TAXON_HIER,RING08,RING
FOSSIL_TAXON_LEAF,RING06,RING
FOSSIL_XREF,RING14,RING
HSE_INCIDENT,RING10,RING
HSE_INCIDENT_BA,RING20,RING
HSE_INCIDENT_CAUSE,RING12,RING
HSE_INCIDENT_CLASS,RING06,RING
HSE_INCIDENT_CLASS_ALIAS,RING10,RING
HSE_INCIDENT_COMPONENT,RING24,RING
HSE_INCIDENT_DETAIL,RING12,RING
HSE_INCIDENT_EQUIP,RING22,RING
HSE_INCIDENT_EQUIV,RING10,RING
HSE_INCIDENT_INTERACTION,RING24,RING
HSE_INCIDENT_REMARK,RING12,RING
HSE_INCIDENT_RESPONSE,RING12,RING
HSE_INCIDENT_SET,RING06,RING
HSE_INCIDENT_SEVERITY,RING10,RING
HSE_INCIDENT_SEV_ALIAS,RING12,RING
HSE_INCIDENT_SUBSTANCE,RING12,RING
HSE_INCIDENT_TYPE,RING08,RING
HSE_INCIDENT_TYPE_ALIAS,RING10,RING
HSE_INCIDENT_WEATHER,RING12,RING
INSTRUMENT,RING10,RING
INSTRUMENT_AREA,RING12,RING
INSTRUMENT_COMPONENT,RING24,RING
INSTRUMENT_DETAIL,RING18,RING
INSTRUMENT_XREF,RING12,RING
INTEREST_SET,RING04,RING
INT_SET_COMPONENT,RING30,RING
INT_SET_PARTNER,RING14,RING
INT_SET_PARTNER_CONT,RING16,RING
INT_SET_STATUS,RING10,RING
INT_SET_XREF,RING16,RING
LAND_AGREEMENT,RING16,RING
LAND_AGREE_PART,RING16,RING
LAND_ALIAS,RING16,RING
LAND_AREA,RING16,RING
LAND_BA_SERVICE,RING16,RING
LAND_OCCUPANT,RING16,RING
LAND_REMARK,RING16,RING
LAND_RIGHT,RING14,RING
LAND_RIGHT_APPLIC,RING20,RING
LAND_RIGHT_BA_LIC,RING22,RING
LAND_RIGHT_COMPONENT,RING24,RING
LAND_RIGHT_FACILITY,RING16,RING
LAND_RIGHT_FIELD,RING16,RING
LAND_RIGHT_INSTRUMENT,RING16,RING
LAND_RIGHT_POOL,RING16,RING
LAND_RIGHT_REST,RING16,RING
LAND_RIGHT_REST_REM,RING18,RING
LAND_RIGHT_WELL,RING22,RING
LAND_RIGHT_WELL_SUBST,RING24,RING
LAND_SALE,RING10,RING
LAND_SALE_BA_SERVICE,RING16,RING
LAND_SALE_BID,RING14,RING
LAND_SALE_BID_SET,RING06,RING
LAND_SALE_BID_SET_BID,RING16,RING
LAND_SALE_FEE,RING16,RING
LAND_SALE_OFFERING,RING12,RING
LAND_SALE_OFFERING_AREA,RING14,RING
LAND_SALE_REQUEST,RING22,RING
LAND_SALE_RESTRICTION,RING14,RING
LAND_SALE_REST_REMARK,RING16,RING
LAND_SALE_WORK_BID,RING16,RING
LAND_SIZE,RING16,RING
LAND_STATUS,RING16,RING
LAND_TERMINATION,RING24,RING
LAND_TITLE,RING16,RING
LAND_TRACT_FACTOR,RING18,RING
LAND_UNIT,RING16,RING
LAND_UNIT_TRACT,RING16,RING
LAND_XREF,RING16,RING
LEGAL_CARTER_LOC,RING14,RING
LEGAL_CONGRESS_LOC,RING14,RING
LEGAL_DLS_LOC,RING14,RING
LEGAL_FPS_LOC,RING14,RING
LEGAL_GEODETIC_LOC,RING14,RING
LEGAL_LOC_REMARK,RING16,RING
LEGAL_NE_LOC,RING14,RING
LEGAL_NORTH_SEA_LOC,RING14,RING
LEGAL_NTS_LOC,RING14,RING
LEGAL_OFFSHORE_LOC,RING14,RING
LEGAL_OHIO_LOC,RING14,RING
LEGAL_TEXAS_LOC,RING14,RING
LITH_COMPONENT,RING14,RING
LITH_COMPONENT_COLOR,RING16,RING
LITH_COMP_GRAIN_SIZE,RING16,RING
LITH_DEP_ENV_INT,RING18,RING
LITH_DESC_OTHER,RING16,RING
LITH_DIAGENESIS,RING14,RING
LITH_GRAIN_SIZE,RING14,RING
LITH_INTERVAL,RING10,RING
LITH_LOG,RING16,RING
LITH_LOG_BA_SERVICE,RING18,RING
LITH_LOG_COMPONENT,RING24,RING
LITH_LOG_REMARK,RING18,RING
LITH_MEASURED_SEC,RING14,RING
LITH_POROSITY,RING14,RING
LITH_ROCK_COLOR,RING14,RING
LITH_ROCK_STRUCTURE,RING14,RING
LITH_ROCK_TYPE,RING12,RING
LITH_SAMPLE,RING14,RING
LITH_SAMPLE_COLLECTION,RING20,RING
LITH_SAMPLE_DESC,RING16,RING
LITH_SAMPLE_PREP,RING16,RING
LITH_SAMPLE_PREP_METH,RING04,RING
LITH_STRUCTURE,RING12,RING
NOTIFICATION,RING18,RING
NOTIFICATION_COMPONENT,RING24,RING
NOTIF_BA,RING20,RING
OBLIGATION,RING16,RING
OBLIGATION_COMPONENT,RING26,RING
OBLIG_ALLOW_DEDUCTION,RING18,RING
OBLIG_BA_SERVICE,RING18,RING
OBLIG_CALC,RING18,RING
OBLIG_DEDUCTION,RING20,RING
OBLIG_DEDUCT_CALC,RING22,RING
OBLIG_PAYMENT,RING20,RING
OBLIG_PAYMENT_INSTR,RING10,RING
OBLIG_PAYMENT_RATE,RING12,RING
OBLIG_PAY_DETAIL,RING22,RING
OBLIG_REMARK,RING18,RING
OBLIG_SUBSTANCE,RING18,RING
OBLIG_TYPE,RING18,RING
OBLIG_XREF,RING18,RING
PALEO_ABUND_QUALIFIER,RING02,RING
PALEO_ABUND_SCHEME,RING06,RING
PALEO_CLIMATE,RING04,RING
PALEO_CONFIDENCE,RING04,RING
PALEO_FOSSIL_IND,RING18,RING
PALEO_FOSSIL_INTERP,RING18,RING
PALEO_FOSSIL_LIST,RING16,RING
PALEO_FOSSIL_OBS,RING18,RING
PALEO_INTERP,RING12,RING
PALEO_OBS_QUALIFIER,RING06,RING
PALEO_SUMMARY,RING10,RING
PALEO_SUM_AUTHOR,RING12,RING
PALEO_SUM_COMP,RING24,RING
PALEO_SUM_INTERVAL,RING12,RING
PALEO_SUM_SAMPLE,RING16,RING
PALEO_SUM_XREF,RING12,RING
PALEO_THERMAL_ALT_IND,RING06,RING
PDEN,RING16,RING
PDEN_ALLOC_FACTOR,RING18,RING
PDEN_AREA,RING18,RING
PDEN_BUSINESS_ASSOC,RING18,RING
PDEN_COMPONENT,RING24,RING
PDEN_DECLINE_CASE,RING18,RING
PDEN_DECLINE_CONDITION,RING20,RING
PDEN_DECLINE_SEGMENT,RING20,RING
PDEN_FACILITY,RING18,RING
PDEN_FIELD,RING18,RING
PDEN_FLOW_MEASUREMENT,RING18,RING
PDEN_IN_AREA,RING18,RING
PDEN_LAND_RIGHT,RING18,RING
PDEN_LEASE_UNIT,RING18,RING
PDEN_MATERIAL_BAL,RING18,RING
PDEN_OPER_HIST,RING18,RING
PDEN_OTHER,RING18,RING
PDEN_POOL,RING18,RING
PDEN_PROD_STRING,RING20,RING
PDEN_PROD_STRING_XREF,RING20,RING
PDEN_PR_STR_ALLOWABLE,RING22,RING
PDEN_PR_STR_FORM,RING22,RING
PDEN_RESENT,RING18,RING
PDEN_RESENT_CLASS,RING20,RING
PDEN_STATUS_HIST,RING18,RING
PDEN_VOLUME_ANALYSIS,RING18,RING
PDEN_VOL_DISPOSITION,RING18,RING
PDEN_VOL_REGIME,RING18,RING
PDEN_VOL_SUMMARY,RING18,RING
PDEN_VOL_SUMM_OTHER,RING20,RING
PDEN_WELL,RING18,RING
PDEN_XREF,RING18,RING
POOL,RING12,RING
POOL_ALIAS,RING14,RING
POOL_AREA,RING14,RING
POOL_COMPONENT,RING24,RING
POOL_INSTRUMENT,RING14,RING
POOL_VERSION,RING14,RING
PPDM_AUDIT_HISTORY,RING12,RING
PPDM_AUDIT_HISTORY_REM,RING14,RING
PPDM_CHECK_CONS_VALUE,RING14,RING
PPDM_CODE_VERSION,RING12,RING
PPDM_CODE_VERSION_COLUMN,RING14,RING
PPDM_CODE_VERSION_USE,RING14,RING
PPDM_CODE_VERSION_XREF,RING14,RING
PPDM_COLUMN,RING10,RING
PPDM_COLUMN_ALIAS,RING12,RING
PPDM_CONSTRAINT,RING12,RING
PPDM_CONS_COLUMN,RING14,RING
PPDM_DATA_STORE,RING08,RING
PPDM_DOMAIN,RING08,RING
PPDM_EXCEPTION,RING12,RING
PPDM_GROUP,RING10,RING
PPDM_GROUP_OBJECT,RING14,RING
PPDM_GROUP_OWNER,RING12,RING
PPDM_GROUP_REMARK,RING12,RING
PPDM_GROUP_XREF,RING12,RING
PPDM_INDEX,RING12,RING
PPDM_INDEX_COLUMN,RING14,RING
PPDM_MAP_DETAIL,RING12,RING
PPDM_MAP_RULE,RING16,RING
PPDM_MEASUREMENT_SYSTEM,RING06,RING
PPDM_METRIC,RING16,RING
PPDM_METRIC_COMPONENT,RING24,RING
PPDM_METRIC_VALUE,RING18,RING
PPDM_OBJECT_STATUS,RING14,RING
PPDM_PROCEDURE,RING12,RING
PPDM_PROPERTY_COLUMN,RING14,RING
PPDM_PROPERTY_SET,RING12,RING
PPDM_QUALITY_CONTROL,RING12,RING
PPDM_QUANTITY,RING06,RING
PPDM_QUANTITY_ALIAS,RING10,RING
PPDM_RULE,RING04,RING
PPDM_RULE_ALIAS,RING10,RING
PPDM_RULE_COMPONENT,RING24,RING
PPDM_RULE_DETAIL,RING16,RING
PPDM_RULE_ENFORCEMENT,RING10,RING
PPDM_RULE_XREF,RING06,RING
PPDM_SCHEMA_ENTITY,RING10,RING
PPDM_SCHEMA_ENTITY_ALIAS,RING12,RING
PPDM_SCHEMA_GROUP,RING12,RING
PPDM_SYSTEM,RING08,RING
PPDM_SYSTEM_ALIAS,RING10,RING
PPDM_SYSTEM_APPLICATION,RING10,RING
PPDM_SYSTEM_MAP,RING10,RING
PPDM_TABLE,RING10,RING
PPDM_TABLE_ALIAS,RING12,RING
PPDM_TABLE_HISTORY,RING12,RING
PPDM_UNIT_CONVERSION,RING08,RING
PPDM_UNIT_OF_MEASURE,RING08,RING
PPDM_UOM_ALIAS,RING10,RING
PPDM_VOL_MEAS_CONV,RING10,RING
PPDM_VOL_MEAS_REGIME,RING06,RING
PPDM_VOL_MEAS_USE,RING08,RING
PRODUCT,RING14,RING
PRODUCT_COMPOSITION,RING16,RING
PROD_LEASE_UNIT,RING16,RING
PROD_LEASE_UNIT_ALIAS,RING18,RING
PROD_LEASE_UNIT_AREA,RING18,RING
PROD_LEASE_UNIT_VERSION,RING18,RING
PROD_STRING,RING18,RING
PROD_STRING_ALIAS,RING20,RING
PROD_STRING_COMPONENT,RING24,RING
PROD_STRING_FORMATION,RING20,RING
PROD_STRING_FORM_ALIAS,RING22,RING
PROD_STR_STAT_HIST,RING20,RING
PROJECT,RING04,RING
PROJECT_ALIAS,RING10,RING
PROJECT_BA,RING06,RING
PROJECT_BA_ROLE,RING08,RING
PROJECT_COMPONENT,RING28,RING
PROJECT_CONDITION,RING06,RING
PROJECT_EQUIPMENT,RING10,RING
PROJECT_EQUIP_ROLE,RING12,RING
PROJECT_PLAN,RING04,RING
PROJECT_PLAN_STEP,RING06,RING
PROJECT_PLAN_STEP_XREF,RING08,RING
PROJECT_STATUS,RING12,RING
PROJECT_STEP,RING10,RING
PROJECT_STEP_BA,RING12,RING
PROJECT_STEP_EQUIP,RING14,RING
PROJECT_STEP_TIME,RING12,RING
PROJECT_STEP_XREF,RING12,RING
PROJ_STEP_CONDITION,RING12,RING
PR_LSE_UNIT_STR_HIST,RING20,RING
PR_STR_FORM_COMPLETION,RING22,RING
PR_STR_FORM_STAT_HIST,RING22,RING
RATE_AREA,RING16,RING
RATE_SCHEDULE,RING14,RING
RATE_SCHEDULE_COMPONENT,RING24,RING
RATE_SCHEDULE_XREF,RING16,RING
RATE_SCHED_DETAIL,RING16,RING
REPORT_HIER,RING04,RING
REPORT_HIER_ALIAS,RING10,RING
REPORT_HIER_DESC,RING12,RING
REPORT_HIER_LEVEL,RING16,RING
REPORT_HIER_TYPE,RING04,RING
REPORT_HIER_USE,RING18,RING
RESENT_CLASS,RING18,RING
RESENT_COMPONENT,RING24,RING
RESENT_ECO_RUN,RING20,RING
RESENT_ECO_SCHEDULE,RING22,RING
RESENT_ECO_VOLUME,RING22,RING
RESENT_PRODUCT,RING20,RING
RESENT_PROD_PROPERTY,RING22,RING
RESENT_REVISION_CAT,RING04,RING
RESENT_VOL_REGIME,RING18,RING
RESENT_VOL_REVISION,RING24,RING
RESENT_VOL_SUMMARY,RING22,RING
RESENT_XREF,RING18,RING
RESERVE_CLASS,RING06,RING
RESERVE_CLASS_CALC,RING10,RING
RESERVE_CLASS_FORMULA,RING08,RING
RESERVE_ENTITY,RING16,RING
RESTRICTION,RING06,RING
REST_ACTIVITY,RING08,RING
REST_CLASS,RING02,RING
REST_CONTACT,RING14,RING
REST_REMARK,RING08,RING
REST_TEXT,RING08,RING
RM_AUX_CHANNEL,RING16,RING
RM_CIRCULATION,RING16,RING
RM_CIRC_PROCESS,RING18,RING
RM_COMPOSITE,RING14,RING
RM_COPY_RECORD,RING14,RING
RM_CREATOR,RING14,RING
RM_CUSTODY,RING14,RING
RM_DATA_CONTENT,RING14,RING
RM_DATA_STORE,RING10,RING
RM_DATA_STORE_HIER,RING02,RING
RM_DATA_STORE_HIER_LEVEL,RING04,RING
RM_DATA_STORE_ITEM,RING14,RING
RM_DATA_STORE_MEDIA,RING14,RING
RM_DATA_STORE_STRUCTURE,RING12,RING
RM_DECRYPT_KEY,RING10,RING
RM_DOCUMENT,RING14,RING
RM_ENCODING,RING14,RING
RM_EQUIPMENT,RING14,RING
RM_FILE_CONTENT,RING14,RING
RM_FOSSIL,RING14,RING
RM_IMAGE_COMP,RING18,RING
RM_IMAGE_LOC,RING18,RING
RM_IMAGE_SECT,RING16,RING
RM_INFORMATION_ITEM,RING12,RING
RM_INFO_COORD_QUALITY,RING14,RING
RM_INFO_DATA_QUALITY,RING14,RING
RM_INFO_ITEM_ALIAS,RING14,RING
RM_INFO_ITEM_BA,RING14,RING
RM_INFO_ITEM_CONTENT,RING32,RING
RM_INFO_ITEM_DESC,RING18,RING
RM_INFO_ITEM_GEOMETRY,RING14,RING
RM_INFO_ITEM_GROUP,RING14,RING
RM_INFO_ITEM_MAINT,RING14,RING
RM_INFO_ITEM_ORIGIN,RING14,RING
RM_INFO_ITEM_STATUS,RING14,RING
RM_KEYWORD,RING14,RING
RM_LITH_SAMPLE,RING14,RING
RM_MAP,RING14,RING
RM_PHYSICAL_ITEM,RING12,RING
RM_PHYS_ITEM_CONDITION,RING16,RING
RM_PHYS_ITEM_GROUP,RING14,RING
RM_PHYS_ITEM_MAINT,RING14,RING
RM_PHYS_ITEM_ORIGIN,RING14,RING
RM_PHYS_ITEM_STORE,RING14,RING
RM_SEIS_TRACE,RING14,RING
RM_SPATIAL_DATASET,RING14,RING
RM_THESAURUS,RING06,RING
RM_THESAURUS_GLOSSARY,RING10,RING
RM_THESAURUS_WORD,RING08,RING
RM_THESAURUS_WORD_XREF,RING10,RING
RM_TRACE_HEADER,RING16,RING
RM_WELL_LOG,RING14,RING
R_ACCESS_CONDITION,RING02,RING
R_ACCOUNT_PROC_TYPE,RING02,RING
R_ACTIVITY_SET_TYPE,RING02,RING
R_ACTIVITY_TYPE,RING02,RING
R_ADDITIVE_METHOD,RING02,RING
R_ADDITIVE_TYPE,RING02,RING
R_ADDRESS_TYPE,RING02,RING
R_AIRCRAFT_TYPE,RING02,RING
R_AIR_GAS_CODE,RING02,RING
R_ALIAS_REASON_TYPE,RING02,RING
R_ALIAS_TYPE,RING02,RING
R_ALLOCATION_TYPE,RING02,RING
R_ALLOWABLE_EXPENSE,RING02,RING
R_ANALYSIS_PROPERTY,RING14,RING
R_ANALYSIS_REPORT,RING02,RING
R_ANAL_PROPERTY_CODE,RING16,RING
R_AOF_ANALYSIS_TYPE,RING02,RING
R_AOF_CALC_METHOD,RING02,RING
R_API_LOG_SYSTEM,RING02,RING
R_APPLICATION_COMP_TYPE,RING02,RING
R_APPLIC_ATTACHMENT,RING02,RING
R_APPLIC_BA_ROLE,RING02,RING
R_APPLIC_DECISION,RING02,RING
R_APPLIC_DESC,RING14,RING
R_APPLIC_REMARK_TYPE,RING02,RING
R_APPLIC_STATUS,RING02,RING
R_APPLIC_TYPE,RING02,RING
R_AREA_COMPONENT_TYPE,RING02,RING
R_AREA_CONTAIN_TYPE,RING02,RING
R_AREA_DESC_CODE,RING16,RING
R_AREA_DESC_TYPE,RING14,RING
R_AREA_TYPE,RING02,RING
R_AUTHORITY_TYPE,RING02,RING
R_AUTHOR_TYPE,RING02,RING
R_BA_AUTHORITY_COMP_TYPE,RING02,RING
R_BA_CATEGORY,RING02,RING
R_BA_COMPONENT_TYPE,RING02,RING
R_BA_CONTACT_LOC_TYPE,RING02,RING
R_BA_CREW_OVERHEAD_TYPE,RING02,RING
R_BA_CREW_TYPE,RING02,RING
R_BA_DESC_CODE,RING16,RING
R_BA_DESC_REF_VALUE,RING02,RING
R_BA_DESC_TYPE,RING14,RING
R_BA_LIC_DUE_CONDITION,RING02,RING
R_BA_LIC_VIOLATION_TYPE,RING02,RING
R_BA_LIC_VIOL_RESOL,RING02,RING
R_BA_ORGANIZATION_COMP_TYPE,RING02,RING
R_BA_ORGANIZATION_TYPE,RING02,RING
R_BA_PERMIT_TYPE,RING02,RING
R_BA_PREF_TYPE,RING02,RING
R_BA_SERVICE_TYPE,RING02,RING
R_BA_STATUS,RING02,RING
R_BA_TYPE,RING02,RING
R_BA_XREF_TYPE,RING02,RING
R_BHP_METHOD,RING02,RING
R_BH_PRESS_TEST_TYPE,RING02,RING
R_BIT_BEARING_CONDITION,RING02,RING
R_BIT_CUT_STRUCT_DULL,RING02,RING
R_BIT_CUT_STRUCT_INNER,RING02,RING
R_BIT_CUT_STRUCT_LOC,RING02,RING
R_BIT_CUT_STRUCT_OUTER,RING02,RING
R_BIT_REASON_PULLED,RING02,RING
R_BLOWOUT_FLUID,RING02,RING
R_BUILDUP_RADIUS_TYPE,RING02,RING
R_CAT_ADDITIVE_GROUP,RING02,RING
R_CAT_ADDITIVE_QUANTITY,RING02,RING
R_CAT_ADDITIVE_SPEC,RING14,RING
R_CAT_ADDITIVE_XREF,RING02,RING
R_CAT_EQUIP_GROUP,RING02,RING
R_CAT_EQUIP_SPEC,RING14,RING
R_CAT_EQUIP_SPEC_CODE,RING16,RING
R_CAT_EQUIP_TYPE,RING02,RING
R_CEMENT_TYPE,RING02,RING
R_CHECKSHOT_SRVY_TYPE,RING02,RING
R_CLASS_DESC_PROPERTY,RING14,RING
R_CLASS_LEV_COMP_TYPE,RING02,RING
R_CLASS_LEV_XREF_TYPE,RING02,RING
R_CLASS_SYSTEM_DIMENSION,RING02,RING
R_CLASS_SYST_XREF_TYPE,RING02,RING
R_CLIMATE,RING02,RING
R_CODE_VERSION_XREF_TYPE,RING02,RING
R_COLLAR_TYPE,RING02,RING
R_COLOR,RING04,RING
R_COLOR_FORMAT,RING02,RING
R_COLOR_PALETTE,RING02,RING
R_COMPLETION_METHOD,RING02,RING
R_COMPLETION_STATUS,RING04,RING
R_COMPLETION_STATUS_TYPE,RING02,RING
R_COMPLETION_TYPE,RING02,RING
R_CONDITION_TYPE,RING02,RING
R_CONFIDENCE_TYPE,RING02,RING
R_CONFIDENTIAL_REASON,RING02,RING
R_CONFIDENTIAL_TYPE,RING02,RING
R_CONFORMITY_RELATION,RING02,RING
R_CONSENT_BA_ROLE,RING02,RING
R_CONSENT_COMP_TYPE,RING02,RING
R_CONSENT_CONDITION,RING04,RING
R_CONSENT_REMARK,RING02,RING
R_CONSENT_STATUS,RING02,RING
R_CONSENT_TYPE,RING02,RING
R_CONSULT_ATTEND_TYPE,RING02,RING
R_CONSULT_COMP_TYPE,RING02,RING
R_CONSULT_DISC_TYPE,RING02,RING
R_CONSULT_ISSUE_TYPE,RING02,RING
R_CONSULT_REASON,RING02,RING
R_CONSULT_RESOLUTION,RING02,RING
R_CONSULT_ROLE,RING02,RING
R_CONSULT_TYPE,RING02,RING
R_CONSULT_XREF_TYPE,RING02,RING
R_CONTACT_ROLE,RING02,RING
R_CONTAMINANT_TYPE,RING02,RING
R_CONTEST_COMP_TYPE,RING02,RING
R_CONTEST_PARTY_ROLE,RING02,RING
R_CONTEST_RESOLUTION,RING02,RING
R_CONTEST_TYPE,RING02,RING
R_CONTRACT_COMP_TYPE,RING02,RING
R_CONT_BA_ROLE,RING02,RING
R_CONT_COMP_REASON,RING02,RING
R_CONT_EXTEND_COND,RING02,RING
R_CONT_EXTEND_TYPE,RING02,RING
R_CONT_INSUR_ELECT,RING02,RING
R_CONT_OPERATING_PROC,RING02,RING
R_CONT_PROVISION_TYPE,RING02,RING
R_CONT_PROV_XREF_TYPE,RING02,RING
R_CONT_STATUS,RING02,RING
R_CONT_STATUS_TYPE,RING02,RING
R_CONT_TYPE,RING02,RING
R_CONT_VOTE_RESPONSE,RING02,RING
R_CONT_VOTE_TYPE,RING02,RING
R_CONT_XREF_TYPE,RING02,RING
R_COORD_CAPTURE,RING02,RING
R_COORD_COMPUTE,RING02,RING
R_COORD_QUALITY,RING02,RING
R_COORD_SYSTEM_TYPE,RING02,RING
R_CORE_HANDLING,RING02,RING
R_CORE_RECOVERY_TYPE,RING02,RING
R_CORE_SAMPLE_TYPE,RING02,RING
R_CORE_SHIFT_METHOD,RING02,RING
R_CORE_SOLVENT,RING02,RING
R_CORE_TYPE,RING02,RING
R_CORRECTION_METHOD,RING02,RING
R_COUPLING_TYPE,RING02,RING
R_CREATOR_TYPE,RING02,RING
R_CS_TRANSFORM_PARM,RING06,RING
R_CS_TRANSFORM_TYPE,RING06,RING
R_CURVE_SCALE,RING02,RING
R_CURVE_TYPE,RING02,RING
R_CURVE_XREF_TYPE,RING02,RING
R_CUSHION_TYPE,RING02,RING
R_CUTTING_FLUID,RING02,RING
R_DATA_CIRC_PROCESS,RING02,RING
R_DATA_CIRC_STATUS,RING02,RING
R_DATA_STORE_TYPE,RING02,RING
R_DATE_FORMAT_TYPE,RING02,RING
R_DATUM_ORIGIN,RING02,RING
R_DECLINE_COND_CODE,RING04,RING
R_DECLINE_COND_TYPE,RING02,RING
R_DECLINE_CURVE_TYPE,RING02,RING
R_DECLINE_TYPE,RING02,RING
R_DECRYPT_TYPE,RING02,RING
R_DEDUCT_TYPE,RING02,RING
R_DIGITAL_FORMAT,RING02,RING
R_DIGITAL_OUTPUT,RING02,RING
R_DIRECTION,RING02,RING
R_DIR_SRVY_CLASS,RING02,RING
R_DIR_SRVY_COMPUTE,RING02,RING
R_DIR_SRVY_POINT_TYPE,RING02,RING
R_DIR_SRVY_RECORD,RING02,RING
R_DIR_SRVY_TYPE,RING02,RING
R_DIST_REF_PT,RING02,RING
R_DOCUMENT_TYPE,RING02,RING
R_DOC_STATUS,RING02,RING
R_DRILLING_MEDIA,RING02,RING
R_DRILL_ASSEMBLY_COMP,RING02,RING
R_DRILL_BIT_CONDITION,RING02,RING
R_DRILL_BIT_DETAIL_CODE,RING16,RING
R_DRILL_BIT_DETAIL_TYPE,RING14,RING
R_DRILL_BIT_JET_TYPE,RING02,RING
R_DRILL_BIT_TYPE,RING02,RING
R_DRILL_HOLE_POSITION,RING02,RING
R_DRILL_REPORT_TIME,RING02,RING
R_DRILL_STAT_CODE,RING16,RING
R_DRILL_STAT_TYPE,RING14,RING
R_DRILL_TOOL_TYPE,RING02,RING
R_ECONOMIC_SCENARIO,RING02,RING
R_ECONOMIC_SCHEDULE,RING14,RING
R_ECOZONE_HIER_LEVEL,RING02,RING
R_ECOZONE_TYPE,RING02,RING
R_ECOZONE_XREF,RING02,RING
R_EMPLOYEE_POSITION,RING02,RING
R_EMPLOYEE_STATUS,RING02,RING
R_ENCODING_TYPE,RING02,RING
R_ENHANCED_REC_TYPE,RING02,RING
R_ENT_ACCESS_TYPE,RING02,RING
R_ENT_COMPONENT_TYPE,RING02,RING
R_ENT_EXPIRY_ACTION,RING02,RING
R_ENT_SEC_GROUP_TYPE,RING02,RING
R_ENT_SEC_GROUP_XREF,RING02,RING
R_ENT_TYPE,RING02,RING
R_ENVIRONMENT,RING02,RING
R_EQUIP_BA_ROLE_TYPE,RING02,RING
R_EQUIP_COMPONENT_TYPE,RING02,RING
R_EQUIP_INSTALL_LOC,RING02,RING
R_EQUIP_MAINT_LOC,RING02,RING
R_EQUIP_MAINT_REASON,RING02,RING
R_EQUIP_MAINT_STATUS,RING04,RING
R_EQUIP_MAINT_STAT_TYPE,RING02,RING
R_EQUIP_REMOVE_REASON,RING02,RING
R_EQUIP_SPEC,RING14,RING
R_EQUIP_SPEC_REF_TYPE,RING14,RING
R_EQUIP_STATUS,RING04,RING
R_EQUIP_STATUS_TYPE,RING02,RING
R_EQUIP_SYSTEM_CONDITION,RING02,RING
R_EQUIP_USE_STAT_TYPE,RING14,RING
R_EQUIP_XREF_TYPE,RING02,RING
R_EW_DIRECTION,RING02,RING
R_EW_START_LINE,RING02,RING
R_FACILITY_CLASS,RING02,RING
R_FACILITY_COMP_TYPE,RING02,RING
R_FACILITY_SPEC_CODE,RING16,RING
R_FACILITY_SPEC_TYPE,RING14,RING
R_FACILITY_STATUS,RING04,RING
R_FACILITY_TYPE,RING02,RING
R_FACILITY_XREF_TYPE,RING02,RING
R_FAC_FUNCTION,RING02,RING
R_FAC_LIC_COND,RING14,RING
R_FAC_LIC_COND_CODE,RING16,RING
R_FAC_LIC_DUE_CONDITION,RING02,RING
R_FAC_LIC_EXTEND_TYPE,RING02,RING
R_FAC_LIC_VIOLATION_TYPE,RING02,RING
R_FAC_LIC_VIOL_RESOL,RING02,RING
R_FAC_MAINTAIN_TYPE,RING04,RING
R_FAC_MAINT_STATUS,RING04,RING
R_FAC_MAINT_STATUS_TYPE,RING02,RING
R_FAC_PIPE_COVER,RING02,RING
R_FAC_PIPE_MATERIAL,RING02,RING
R_FAC_PIPE_TYPE,RING02,RING
R_FAC_SPEC_REFERENCE,RING02,RING
R_FAC_STATUS_TYPE,RING02,RING
R_FAULT_TYPE,RING02,RING
R_FIELD_COMPONENT_TYPE,RING02,RING
R_FIELD_STATION_TYPE,RING02,RING
R_FIELD_TYPE,RING02,RING
R_FIN_COMPONENT_TYPE,RING02,RING
R_FIN_COST_TYPE,RING02,RING
R_FIN_STATUS,RING02,RING
R_FIN_TYPE,RING02,RING
R_FIN_XREF_TYPE,RING02,RING
R_FLUID_TYPE,RING02,RING
R_FONT,RING02,RING
R_FONT_EFFECT,RING02,RING
R_FOOTAGE_ORIGIN,RING02,RING
R_FOS_ALIAS_TYPE,RING02,RING
R_FOS_ASSEMBLAGE_TYPE,RING02,RING
R_FOS_COLOR,RING02,RING
R_FOS_DESC_CODE,RING16,RING
R_FOS_DESC_TYPE,RING14,RING
R_FOS_LIFE_HABIT,RING02,RING
R_FOS_NAME_SET_TYPE,RING02,RING
R_FOS_OBS_TYPE,RING02,RING
R_FOS_TAI_COLOR,RING02,RING
R_FOS_TAXON_GROUP,RING02,RING
R_FOS_TAXON_LEVEL,RING02,RING
R_FOS_XREF,RING02,RING
R_GEOMETRY_FORMAT,RING02,RING
R_GEOMETRY_TYPE,RING02,RING
R_GRANTED_RIGHT_TYPE,RING02,RING
R_HOLE_CONDITION,RING02,RING
R_HORIZ_DRILL_REASON,RING02,RING
R_HORIZ_DRILL_TYPE,RING02,RING
R_HSE_COMP_ROLE,RING02,RING
R_HSE_INCIDENT_COMP_TYPE,RING02,RING
R_HSE_INCIDENT_DETAIL,RING02,RING
R_HSE_RESPONSE_TYPE,RING02,RING
R_IMAGE_CALIBRATE_METHOD,RING02,RING
R_IMAGE_SECTION_TYPE,RING02,RING
R_INCIDENT_BA_ROLE,RING02,RING
R_INCIDENT_CAUSE_CODE,RING04,RING
R_INCIDENT_CAUSE_TYPE,RING02,RING
R_INCIDENT_INTERACT_TYPE,RING02,RING
R_INCIDENT_RESP_RESULT,RING02,RING
R_INCIDENT_SUBSTANCE,RING02,RING
R_INCIDENT_SUBST_ROLE,RING02,RING
R_INFORMATION_PROCESS,RING02,RING
R_INPUT_TYPE,RING02,RING
R_INSP_COMP_TYPE,RING02,RING
R_INSP_STATUS,RING02,RING
R_INSTRUMENT_COMP_TYPE,RING02,RING
R_INSTRUMENT_TYPE,RING02,RING
R_INST_DETAIL_CODE,RING16,RING
R_INST_DETAIL_REF_VALUE,RING02,RING
R_INST_DETAIL_TYPE,RING14,RING
R_INTERP_ORIGIN_TYPE,RING02,RING
R_INTERP_TYPE,RING14,RING
R_INT_SET_COMPONENT,RING02,RING
R_INT_SET_ROLE,RING02,RING
R_INT_SET_STATUS,RING04,RING
R_INT_SET_STATUS_TYPE,RING02,RING
R_INT_SET_TRIGGER,RING02,RING
R_INT_SET_TYPE,RING02,RING
R_INT_SET_XREF_TYPE,RING02,RING
R_INV_MATERIAL_TYPE,RING02,RING
R_ITEM_CATEGORY,RING04,RING
R_ITEM_SUB_CATEGORY,RING06,RING
R_LAND_ACQTN_METHOD,RING02,RING
R_LAND_AGREE_TYPE,RING02,RING
R_LAND_BIDDER_TYPE,RING02,RING
R_LAND_BID_STATUS,RING02,RING
R_LAND_BID_TYPE,RING02,RING
R_LAND_CASE_ACTION,RING02,RING
R_LAND_CASE_TYPE,RING02,RING
R_LAND_CASH_BID_TYPE,RING02,RING
R_LAND_COMPONENT_TYPE,RING02,RING
R_LAND_LESSOR_TYPE,RING02,RING
R_LAND_OFFRING_STATUS,RING02,RING
R_LAND_OFFRING_TYPE,RING02,RING
R_LAND_PROPERTY_TYPE,RING02,RING
R_LAND_REF_NUM_TYPE,RING02,RING
R_LAND_RENTAL_TYPE,RING02,RING
R_LAND_REQUEST_TYPE,RING02,RING
R_LAND_REQ_STATUS,RING02,RING
R_LAND_RIGHT_CATEGORY,RING02,RING
R_LAND_RIGHT_STATUS,RING04,RING
R_LAND_STATUS_TYPE,RING02,RING
R_LAND_TITLE_CHG_RSN,RING02,RING
R_LAND_TITLE_TYPE,RING02,RING
R_LAND_TRACT_TYPE,RING02,RING
R_LAND_UNIT_TYPE,RING02,RING
R_LAND_WELL_REL_TYPE,RING02,RING
R_LANGUAGE,RING02,RING
R_LEASE_UNIT_STATUS,RING02,RING
R_LEASE_UNIT_TYPE,RING02,RING
R_LEGAL_SURVEY_TYPE,RING02,RING
R_LICENSE_STATUS,RING04,RING
R_LIC_STATUS_TYPE,RING02,RING
R_LINER_TYPE,RING02,RING
R_LITHOLOGY,RING02,RING
R_LITH_ABUNDANCE,RING02,RING
R_LITH_BOUNDARY_TYPE,RING02,RING
R_LITH_COLLECT_METHOD,RING02,RING
R_LITH_COLOR,RING02,RING
R_LITH_COMPONENT,RING02,RING
R_LITH_CONSOLIDATION,RING02,RING
R_LITH_CONTAMINANT,RING02,RING
R_LITH_CYCLE_BED,RING02,RING
R_LITH_DEP_ENV,RING02,RING
R_LITH_DIAGENESIS,RING02,RING
R_LITH_DISTRIBUTION,RING02,RING
R_LITH_INTENSITY,RING02,RING
R_LITH_LOG_COMP_TYPE,RING02,RING
R_LITH_LOG_TYPE,RING02,RING
R_LITH_OIL_STAIN,RING02,RING
R_LITH_PATTERN_CODE,RING02,RING
R_LITH_PREP_CLASS,RING02,RING
R_LITH_ROCK_MATRIX,RING02,RING
R_LITH_ROCK_PROFILE,RING02,RING
R_LITH_ROCK_TYPE,RING02,RING
R_LITH_ROUNDING,RING02,RING
R_LITH_SCALE_SCHEME,RING02,RING
R_LITH_SORTING,RING02,RING
R_LITH_SOURCE,RING02,RING
R_LITH_STRUCTURE,RING02,RING
R_LOCATION_DESC_TYPE,RING02,RING
R_LOCATION_QUALIFIER,RING02,RING
R_LOCATION_QUALITY,RING02,RING
R_LOCATION_TYPE,RING02,RING
R_LOG_ARRAY_DIMENSION,RING02,RING
R_LOG_CORRECT_METHOD,RING02,RING
R_LOG_CRV_CLASS_SYSTEM,RING02,RING
R_LOG_DEPTH_TYPE,RING02,RING
R_LOG_DIRECTION,RING02,RING
R_LOG_GOOD_VALUE_TYPE,RING02,RING
R_LOG_INDEX_TYPE,RING14,RING
R_LOG_MATRIX,RING02,RING
R_LOG_POSITION_TYPE,RING02,RING
R_LOG_TOOL_TYPE,RING02,RING
R_LOST_MATERIAL_TYPE,RING02,RING
R_LR_FACILITY_XREF,RING02,RING
R_LR_FIELD_XREF,RING02,RING
R_LR_SIZE_TYPE,RING02,RING
R_LR_TERMIN_REQMT,RING02,RING
R_LR_TERMIN_TYPE,RING02,RING
R_LR_XREF_TYPE,RING02,RING
R_L_OFFR_CANCEL_RSN,RING02,RING
R_MAINT_PROCESS,RING02,RING
R_MBAL_COMPRESS_TYPE,RING02,RING
R_MBAL_CURVE_TYPE,RING02,RING
R_MEASUREMENT_TYPE,RING02,RING
R_MEASURE_TECHNIQUE,RING02,RING
R_MEDIA_TYPE,RING02,RING
R_MISC_DATA_CODE,RING14,RING
R_MISC_DATA_TYPE,RING14,RING
R_MONTH,RING02,RING
R_MUD_COLLECT_REASON,RING02,RING
R_MUD_LOG_COLOR,RING02,RING
R_MUD_PROPERTY_CODE,RING16,RING
R_MUD_PROPERTY_REF,RING14,RING
R_MUD_PROPERTY_TYPE,RING14,RING
R_MUD_SAMPLE_TYPE,RING02,RING
R_MUNICIPALITY,RING02,RING
R_NAME_SET_XREF_TYPE,RING02,RING
R_NODE_POSITION,RING02,RING
R_NORTH,RING02,RING
R_NOTIFICATION_COMP_TYPE,RING02,RING
R_NOTIFICATION_TYPE,RING02,RING
R_NS_DIRECTION,RING02,RING
R_NS_START_LINE,RING02,RING
R_OBLIG_CALC_METHOD,RING02,RING
R_OBLIG_CALC_POINT,RING02,RING
R_OBLIG_CATEGORY,RING02,RING
R_OBLIG_COMPONENT_TYPE,RING02,RING
R_OBLIG_COMP_REASON,RING02,RING
R_OBLIG_DEDUCT_CALC,RING02,RING
R_OBLIG_PARTY_TYPE,RING02,RING
R_OBLIG_PAY_RESP,RING02,RING
R_OBLIG_REMARK_TYPE,RING02,RING
R_OBLIG_SUSPEND_PAY,RING02,RING
R_OBLIG_TRIGGER,RING02,RING
R_OBLIG_TYPE,RING02,RING
R_OBLIG_XREF_TYPE,RING02,RING
R_OFFSHORE_AREA_CODE,RING02,RING
R_OFFSHORE_COMP_TYPE,RING02,RING
R_OIL_TYPE,RING02,RING
R_ONTOGENY_TYPE,RING02,RING
R_OPERAND_QUALIFIER,RING02,RING
R_ORIENTATION,RING02,RING
R_PALEO_IND_TYPE,RING02,RING
R_PALEO_INTERP_TYPE,RING02,RING
R_PALEO_TYPE_FOSSIL,RING02,RING
R_PAL_SUM_COMP_TYPE,RING02,RING
R_PAL_SUM_XREF_TYPE,RING02,RING
R_PARCEL_LOT_TYPE,RING02,RING
R_PARCEL_TYPE,RING02,RING
R_PAYMENT_TYPE,RING02,RING
R_PAYZONE_TYPE,RING02,RING
R_PAY_DETAIL_TYPE,RING02,RING
R_PAY_METHOD,RING02,RING
R_PAY_RATE_TYPE,RING02,RING
R_PDEN_AMEND_REASON,RING02,RING
R_PDEN_COMPONENT_TYPE,RING02,RING
R_PDEN_STATUS,RING04,RING
R_PDEN_STATUS_TYPE,RING02,RING
R_PDEN_XREF_TYPE,RING02,RING
R_PERFORATION_METHOD,RING02,RING
R_PERFORATION_TYPE,RING02,RING
R_PERIOD_TYPE,RING02,RING
R_PHYSICAL_ITEM_STATUS,RING02,RING
R_PHYSICAL_PROCESS,RING02,RING
R_PHYS_ITEM_GROUP_TYPE,RING02,RING
R_PICK_LOCATION,RING02,RING
R_PICK_QUALIFIER,RING02,RING
R_PICK_QUALIF_REASON,RING02,RING
R_PICK_QUALITY,RING02,RING
R_PICK_VERSION_TYPE,RING02,RING
R_PLATFORM_TYPE,RING02,RING
R_PLOT_SYMBOL,RING02,RING
R_PLUG_TYPE,RING02,RING
R_POOL_COMPONENT_TYPE,RING02,RING
R_POOL_STATUS,RING02,RING
R_POOL_TYPE,RING02,RING
R_POROSITY_TYPE,RING02,RING
R_PPDM_AUDIT_REASON,RING02,RING
R_PPDM_AUDIT_TYPE,RING02,RING
R_PPDM_BOOLEAN_RULE,RING02,RING
R_PPDM_CREATE_METHOD,RING02,RING
R_PPDM_DATA_TYPE,RING02,RING
R_PPDM_DEFAULT_VALUE,RING02,RING
R_PPDM_ENFORCE_METHOD,RING02,RING
R_PPDM_FAIL_RESULT,RING02,RING
R_PPDM_GROUP_TYPE,RING02,RING
R_PPDM_GROUP_USE,RING02,RING
R_PPDM_GROUP_XREF_TYPE,RING02,RING
R_PPDM_INDEX_CATEGORY,RING02,RING
R_PPDM_MAP_RULE_TYPE,RING14,RING
R_PPDM_MAP_TYPE,RING02,RING
R_PPDM_METRIC_CODE,RING16,RING
R_PPDM_METRIC_COMP_TYPE,RING02,RING
R_PPDM_METRIC_REF_VALUE,RING02,RING
R_PPDM_METRIC_TYPE,RING14,RING
R_PPDM_OBJECT_STATUS,RING02,RING
R_PPDM_OBJECT_TYPE,RING02,RING
R_PPDM_OPERATING_SYSTEM,RING02,RING
R_PPDM_OWNER_ROLE,RING02,RING
R_PPDM_PROC_TYPE,RING02,RING
R_PPDM_QC_QUALITY,RING02,RING
R_PPDM_QC_STATUS,RING02,RING
R_PPDM_QC_TYPE,RING02,RING
R_PPDM_RDBMS,RING06,RING
R_PPDM_REF_VALUE_TYPE,RING02,RING
R_PPDM_ROW_QUALITY,RING00,RING
R_PPDM_RULE_CLASS,RING02,RING
R_PPDM_RULE_COMP_TYPE,RING02,RING
R_PPDM_RULE_DETAIL_TYPE,RING14,RING
R_PPDM_RULE_PURPOSE,RING02,RING
R_PPDM_RULE_STATUS,RING02,RING
R_PPDM_RULE_USE_COND,RING02,RING
R_PPDM_RULE_XREF_COND,RING02,RING
R_PPDM_RULE_XREF_TYPE,RING02,RING
R_PPDM_SCHEMA_ENTITY,RING02,RING
R_PPDM_SCHEMA_GROUP,RING02,RING
R_PPDM_SYSTEM_TYPE,RING02,RING
R_PPDM_TABLE_TYPE,RING02,RING
R_PPDM_UOM_ALIAS_TYPE,RING02,RING
R_PPDM_UOM_USAGE,RING02,RING
R_PRESERVE_QUALITY,RING02,RING
R_PRESERVE_TYPE,RING02,RING
R_PRODUCTION_METHOD,RING02,RING
R_PRODUCT_COMPONENT_TYPE,RING02,RING
R_PROD_STRING_COMP_TYPE,RING02,RING
R_PROD_STRING_STATUS,RING04,RING
R_PROD_STRING_STAT_TYPE,RING02,RING
R_PROD_STRING_TYPE,RING02,RING
R_PROD_STR_FM_STATUS,RING04,RING
R_PROD_STR_FM_STAT_TYPE,RING02,RING
R_PROJECTION_TYPE,RING02,RING
R_PROJECT_ALIAS_TYPE,RING02,RING
R_PROJECT_BA_ROLE,RING02,RING
R_PROJECT_COMP_REASON,RING02,RING
R_PROJECT_COMP_TYPE,RING02,RING
R_PROJECT_CONDITION,RING04,RING
R_PROJECT_EQUIP_ROLE,RING02,RING
R_PROJECT_STATUS,RING06,RING
R_PROJECT_STATUS_TYPE,RING04,RING
R_PROJECT_TYPE,RING02,RING
R_PROJ_STEP_TYPE,RING02,RING
R_PROJ_STEP_XREF_TYPE,RING02,RING
R_PROPPANT_TYPE,RING02,RING
R_PUBLICATION_NAME,RING02,RING
R_QUALIFIER_TYPE,RING02,RING
R_QUALITY,RING02,RING
R_RATE_CONDITION,RING02,RING
R_RATE_SCHEDULE,RING02,RING
R_RATE_SCHEDULE_COMP_TYPE,RING02,RING
R_RATE_SCHED_XREF,RING02,RING
R_RATE_TYPE,RING02,RING
R_RATIO_CURVE_TYPE,RING02,RING
R_RATIO_FLUID_TYPE,RING02,RING
R_RECORDER_POSITION,RING02,RING
R_RECORDER_TYPE,RING02,RING
R_REMARK_TYPE,RING02,RING
R_REMARK_USE_TYPE,RING02,RING
R_REPEAT_STRAT_TYPE,RING02,RING
R_REPORT_HIER_COMP,RING02,RING
R_REPORT_HIER_LEVEL,RING02,RING
R_REPORT_HIER_TYPE,RING02,RING
R_REP_HIER_ALIAS_TYPE,RING02,RING
R_RESENT_COMP_TYPE,RING02,RING
R_RESENT_CONFIDENCE,RING02,RING
R_RESENT_GROUP_TYPE,RING02,RING
R_RESENT_REV_CAT,RING02,RING
R_RESENT_USE_TYPE,RING02,RING
R_RESENT_VOL_METHOD,RING02,RING
R_RESENT_XREF_TYPE,RING02,RING
R_REST_ACTIVITY,RING02,RING
R_REST_DURATION,RING02,RING
R_REST_REMARK,RING02,RING
R_REST_TYPE,RING02,RING
R_RETENTION_PERIOD,RING02,RING
R_REVISION_METHOD,RING02,RING
R_RIG_BLOWOUT_PREVENTER,RING02,RING
R_RIG_CATEGORY,RING02,RING
R_RIG_CLASS,RING02,RING
R_RIG_CODE,RING02,RING
R_RIG_DESANDER_TYPE,RING02,RING
R_RIG_DESILTER_TYPE,RING02,RING
R_RIG_DRAWWORKS,RING02,RING
R_RIG_GENERATOR_TYPE,RING02,RING
R_RIG_HOOKBLOCK_TYPE,RING02,RING
R_RIG_MAST,RING02,RING
R_RIG_OVERHEAD_CAPACITY,RING02,RING
R_RIG_OVERHEAD_TYPE,RING02,RING
R_RIG_PUMP,RING02,RING
R_RIG_PUMP_FUNCTION,RING02,RING
R_RIG_SUBSTRUCTURE,RING02,RING
R_RIG_SWIVEL_TYPE,RING02,RING
R_RIG_TYPE,RING02,RING
R_RMII_CONTACT_TYPE,RING02,RING
R_RMII_CONTENT_TYPE,RING02,RING
R_RMII_DEFICIENCY,RING02,RING
R_RMII_DESC_TYPE,RING14,RING
R_RMII_GROUP_TYPE,RING02,RING
R_RMII_METADATA_CODE,RING16,RING
R_RMII_METADATA_TYPE,RING14,RING
R_RMII_QUALITY_CODE,RING02,RING
R_RMII_STATUS,RING04,RING
R_RMII_STATUS_TYPE,RING02,RING
R_RM_THESAURUS_XREF,RING02,RING
R_ROAD_CONDITION,RING02,RING
R_ROAD_CONTROL_TYPE,RING02,RING
R_ROAD_DRIVING_SIDE,RING02,RING
R_ROAD_TRAFFIC_FLOW_TYPE,RING02,RING
R_ROCK_CLASS_SCHEME,RING02,RING
R_ROLL_ALONG_METHOD,RING02,RING
R_ROYALTY_TYPE,RING02,RING
R_SALINITY_TYPE,RING02,RING
R_SAMPLE_ANAL_COMP_TYPE,RING02,RING
R_SAMPLE_COLLECTION_TYPE,RING02,RING
R_SAMPLE_DESC_TYPE,RING14,RING
R_SAMPLE_LOCATION,RING02,RING
R_SAMPLE_SHAPE,RING02,RING
R_SAMPLE_TYPE,RING02,RING
R_SAMPLE_WATER_TYPE,RING02,RING
R_SCALE_TRANSFORM,RING02,RING
R_SCREEN_LOCATION,RING02,RING
R_SECTION_TYPE,RING02,RING
R_SEISMIC_PATH,RING02,RING
R_SEIS_3D_TYPE,RING02,RING
R_SEIS_ACTIVITY_CLASS,RING02,RING
R_SEIS_ACTIVITY_TYPE,RING04,RING
R_SEIS_AUTHORIZE_LIMIT,RING02,RING
R_SEIS_AUTHORIZE_REASON,RING02,RING
R_SEIS_AUTHORIZE_TYPE,RING02,RING
R_SEIS_BIN_METHOD,RING02,RING
R_SEIS_BIN_OUTLINE_TYPE,RING02,RING
R_SEIS_CABLE_MAKE,RING02,RING
R_SEIS_CHANNEL_TYPE,RING02,RING
R_SEIS_DIMENSION,RING02,RING
R_SEIS_ENERGY_TYPE,RING02,RING
R_SEIS_FLOW_DESC_TYPE,RING02,RING
R_SEIS_GROUP_TYPE,RING02,RING
R_SEIS_INSP_COMPONENT_TYPE,RING02,RING
R_SEIS_LIC_COND,RING14,RING
R_SEIS_LIC_COND_CODE,RING16,RING
R_SEIS_LIC_DUE_CONDITION,RING02,RING
R_SEIS_LIC_VIOL_RESOL,RING02,RING
R_SEIS_LIC_VIOL_TYPE,RING02,RING
R_SEIS_PARM_ORIGIN,RING02,RING
R_SEIS_PATCH_TYPE,RING02,RING
R_SEIS_PICK_METHOD,RING02,RING
R_SEIS_PROC_COMP_TYPE,RING02,RING
R_SEIS_PROC_PARM,RING14,RING
R_SEIS_PROC_SET_TYPE,RING02,RING
R_SEIS_PROC_STATUS,RING02,RING
R_SEIS_PROC_STEP_NAME,RING02,RING
R_SEIS_PROC_STEP_TYPE,RING02,RING
R_SEIS_RCRD_FMT_TYPE,RING02,RING
R_SEIS_RCRD_MAKE,RING02,RING
R_SEIS_RCVR_ARRY_TYPE,RING02,RING
R_SEIS_RCVR_TYPE,RING02,RING
R_SEIS_RECORD_TYPE,RING02,RING
R_SEIS_REF_DATUM,RING02,RING
R_SEIS_REF_NUM_TYPE,RING02,RING
R_SEIS_SAMPLE_TYPE,RING02,RING
R_SEIS_SEGMENT_REASON,RING02,RING
R_SEIS_SET_COMPONENT_TYPE,RING02,RING
R_SEIS_SPECTRUM_TYPE,RING02,RING
R_SEIS_SRC_ARRAY_TYPE,RING02,RING
R_SEIS_SRC_MAKE,RING10,RING
R_SEIS_STATION_TYPE,RING02,RING
R_SEIS_STATUS,RING02,RING
R_SEIS_STATUS_TYPE,RING02,RING
R_SEIS_SUMMARY_TYPE,RING02,RING
R_SEIS_SWEEP_TYPE,RING02,RING
R_SEIS_TRANS_COMP_TYPE,RING02,RING
R_SEND_METHOD,RING02,RING
R_SERVICE_QUALITY,RING02,RING
R_SEVERITY,RING02,RING
R_SF_AIRSTRIP_TYPE,RING02,RING
R_SF_BRIDGE_TYPE,RING02,RING
R_SF_COMPONENT_TYPE,RING02,RING
R_SF_DESC_TYPE,RING14,RING
R_SF_DESC_VALUE,RING16,RING
R_SF_DOCK_TYPE,RING02,RING
R_SF_ELECTRIC_TYPE,RING02,RING
R_SF_LANDING_TYPE,RING02,RING
R_SF_MAINTAIN_TYPE,RING02,RING
R_SF_PAD_TYPE,RING02,RING
R_SF_ROAD_TYPE,RING02,RING
R_SF_STATUS,RING02,RING
R_SF_STATUS_TYPE,RING02,RING
R_SF_SURFACE_TYPE,RING02,RING
R_SF_TOWER_TYPE,RING02,RING
R_SF_VEHICLE_TYPE,RING02,RING
R_SF_VESSEL_ROLE,RING02,RING
R_SF_VESSEL_TYPE,RING02,RING
R_SF_XREF_TYPE,RING02,RING
R_SHOW_TYPE,RING02,RING
R_SHUTIN_PRESS_TYPE,RING02,RING
R_SOURCE,RING00,RING
R_SOURCE_ORIGIN,RING14,RING
R_SPACING_UNIT_TYPE,RING02,RING
R_SPATIAL_DESC_COMP_TYPE,RING02,RING
R_SPATIAL_DESC_TYPE,RING02,RING
R_SPATIAL_XREF_TYPE,RING02,RING
R_SP_POINT_VERSION_TYPE,RING02,RING
R_SP_ZONE_DEFIN__XREF,RING02,RING
R_SP_ZONE_DERIV,RING02,RING
R_SP_ZONE_TYPE,RING02,RING
R_STATUS_GROUP,RING02,RING
R_STORE_STATUS,RING02,RING
R_STRAT_ACQTN_METHOD,RING02,RING
R_STRAT_AGE_METHOD,RING02,RING
R_STRAT_ALIAS_TYPE,RING02,RING
R_STRAT_COLUMN_TYPE,RING02,RING
R_STRAT_COL_XREF_TYPE,RING02,RING
R_STRAT_CORR_CRITERIA,RING02,RING
R_STRAT_CORR_TYPE,RING02,RING
R_STRAT_DESC_TYPE,RING14,RING
R_STRAT_EQUIV_DIRECT,RING02,RING
R_STRAT_EQUIV_TYPE,RING02,RING
R_STRAT_FLD_NODE_LOC,RING02,RING
R_STRAT_HIERARCHY,RING02,RING
R_STRAT_INTERP_METHOD,RING02,RING
R_STRAT_NAME_SET_TYPE,RING02,RING
R_STRAT_OCCURRENCE_TYPE,RING02,RING
R_STRAT_STATUS,RING02,RING
R_STRAT_TOPO_RELATION,RING02,RING
R_STRAT_TYPE,RING02,RING
R_STRAT_UNIT_COMP_TYPE,RING02,RING
R_STRAT_UNIT_DESC,RING02,RING
R_STRAT_UNIT_QUALIFIER,RING02,RING
R_STRAT_UNIT_TYPE,RING04,RING
R_STREAMER_COMP,RING02,RING
R_STREAMER_POSITION,RING02,RING
R_SUBSTANCE_COMP_TYPE,RING02,RING
R_SW_APPLICATION,RING08,RING
R_TAX_CREDIT_CODE,RING02,RING
R_TEST_EQUIPMENT,RING02,RING
R_TEST_PERIOD_TYPE,RING02,RING
R_TEST_RECOV_METHOD,RING02,RING
R_TEST_RESULT,RING02,RING
R_TEST_SHUTOFF_TYPE,RING02,RING
R_TEST_SUBTYPE,RING04,RING
R_TIMEZONE,RING02,RING
R_TITLE_OWN_TYPE,RING02,RING
R_TOUR_OCCURRENCE_TYPE,RING02,RING
R_TRACE_HEADER_FORMAT,RING02,RING
R_TRACE_HEADER_WORD,RING02,RING
R_TRANS_COMP_TYPE,RING02,RING
R_TRANS_STATUS,RING02,RING
R_TRANS_TYPE,RING02,RING
R_TREATMENT_FLUID,RING02,RING
R_TREATMENT_TYPE,RING02,RING
R_TUBING_GRADE,RING02,RING
R_TUBING_TYPE,RING02,RING
R_TVD_METHOD,RING02,RING
R_VELOCITY_COMPUTE,RING02,RING
R_VELOCITY_DIMENSION,RING02,RING
R_VELOCITY_TYPE,RING02,RING
R_VERTICAL_DATUM_TYPE,RING02,RING
R_VESSEL_REFERENCE,RING02,RING
R_VOLUME_METHOD,RING02,RING
R_VSP_TYPE,RING02,RING
R_WASTE_ADJUST_REASON,RING02,RING
R_WASTE_FACILITY_TYPE,RING02,RING
R_WASTE_HANDLING,RING02,RING
R_WASTE_HAZARD_TYPE,RING02,RING
R_WASTE_MATERIAL,RING10,RING
R_WASTE_ORIGIN,RING02,RING
R_WATER_BOTTOM_ZONE,RING02,RING
R_WATER_CONDITION,RING02,RING
R_WATER_DATUM,RING02,RING
R_WATER_TYPE,RING02,RING
R_WEATHER_CONDITION,RING02,RING
R_WELL_ACTIVITY_CAUSE,RING02,RING
R_WELL_ACTIVITY_COMP_TYPE,RING02,RING
R_WELL_ACT_TYPE_EQUIV,RING02,RING
R_WELL_ALIAS_LOCATION,RING02,RING
R_WELL_CIRC_PRESS_TYPE,RING02,RING
R_WELL_CLASS,RING02,RING
R_WELL_COMPONENT_TYPE,RING02,RING
R_WELL_DATUM_TYPE,RING02,RING
R_WELL_DOWNTIME_TYPE,RING02,RING
R_WELL_DRILL_OP_TYPE,RING02,RING
R_WELL_FACILITY_USE_TYPE,RING02,RING
R_WELL_LEVEL_TYPE,RING02,RING
R_WELL_LIC_COND,RING14,RING
R_WELL_LIC_COND_CODE,RING16,RING
R_WELL_LIC_DUE_CONDITION,RING02,RING
R_WELL_LIC_VIOL_RESOL,RING02,RING
R_WELL_LIC_VIOL_TYPE,RING02,RING
R_WELL_LOG_CLASS,RING02,RING
R_WELL_NODE_PICK_METHOD,RING02,RING
R_WELL_PROFILE_TYPE,RING02,RING
R_WELL_QUALIFIC_TYPE,RING02,RING
R_WELL_REF_VALUE_TYPE,RING02,RING
R_WELL_RELATIONSHIP,RING02,RING
R_WELL_SERVICE_METRIC,RING14,RING
R_WELL_SERV_METRIC_CODE,RING16,RING
R_WELL_SF_USE_TYPE,RING02,RING
R_WELL_STATUS,RING04,RING
R_WELL_STATUS_TYPE,RING02,RING
R_WELL_TEST_TYPE,RING02,RING
R_WELL_XREF_TYPE,RING02,RING
R_WELL_ZONE_INT_VALUE,RING14,RING
R_WIND_STRENGTH,RING02,RING
R_WORK_BID_TYPE,RING02,RING
R_WO_BA_ROLE,RING02,RING
R_WO_COMPONENT_TYPE,RING02,RING
R_WO_CONDITION,RING04,RING
R_WO_DELIVERY_TYPE,RING02,RING
R_WO_INSTRUCTION,RING02,RING
R_WO_TYPE,RING02,RING
R_WO_XREF_TYPE,RING02,RING
SAMPLE_ANALYSIS,RING12,RING
SAMPLE_ANAL_COMPONENT,RING26,RING
SAMPLE_GAS_ANALYSIS,RING14,RING
SAMPLE_GAS_ANAL_DETAIL,RING18,RING
SAMPLE_OIL_ANALYSIS,RING14,RING
SAMPLE_OIL_ANAL_DETAIL,RING18,RING
SAMPLE_OIL_VISCOSITY,RING16,RING
SAMPLE_WATER_ANALYSIS,RING14,RING
SAMPLE_WATER_ANAL_DTL,RING18,RING
SEIS_3D,RING16,RING
SEIS_ACQTN_DESIGN,RING12,RING
SEIS_ACQTN_SPECTRUM,RING14,RING
SEIS_ACQTN_SURVEY,RING16,RING
SEIS_ACTIVITY,RING18,RING
SEIS_ALIAS,RING16,RING
SEIS_BA_SERVICE,RING16,RING
SEIS_BIN_GRID,RING16,RING
SEIS_BIN_ORIGIN,RING18,RING
SEIS_BIN_OUTLINE,RING18,RING
SEIS_BIN_POINT,RING18,RING
SEIS_BIN_POINT_TRACE,RING20,RING
SEIS_BIN_POINT_VERSION,RING20,RING
SEIS_CHANNEL,RING20,RING
SEIS_GROUP_COMP,RING16,RING
SEIS_INSPECTION,RING10,RING
SEIS_INSP_COMPONENT,RING24,RING
SEIS_INTERP_COMP,RING34,RING
SEIS_INTERP_LOAD,RING36,RING
SEIS_INTERP_LOAD_PARM,RING38,RING
SEIS_INTERP_SET,RING16,RING
SEIS_INTERP_SURFACE,RING12,RING
SEIS_LICENSE,RING20,RING
SEIS_LICENSE_ALIAS,RING22,RING
SEIS_LICENSE_AREA,RING22,RING
SEIS_LICENSE_COND,RING22,RING
SEIS_LICENSE_REMARK,RING22,RING
SEIS_LICENSE_STATUS,RING22,RING
SEIS_LICENSE_TYPE,RING16,RING
SEIS_LICENSE_VIOLATION,RING24,RING
SEIS_LINE,RING18,RING
SEIS_PATCH,RING04,RING
SEIS_PATCH_DESC,RING10,RING
SEIS_PICK,RING20,RING
SEIS_POINT,RING16,RING
SEIS_POINT_FLOW,RING18,RING
SEIS_POINT_FLOW_DESC,RING20,RING
SEIS_POINT_SUMMARY,RING18,RING
SEIS_POINT_VERSION,RING18,RING
SEIS_PROC_COMPONENT,RING30,RING
SEIS_PROC_PARM,RING20,RING
SEIS_PROC_PLAN,RING06,RING
SEIS_PROC_PLAN_PARM,RING16,RING
SEIS_PROC_PLAN_STEP,RING08,RING
SEIS_PROC_SET,RING16,RING
SEIS_PROC_STEP,RING18,RING
SEIS_PROC_STEP_COMPONENT,RING32,RING
SEIS_RECORD,RING18,RING
SEIS_RECVR_MAKE,RING04,RING
SEIS_RECVR_SETUP,RING14,RING
SEIS_SEGMENT,RING20,RING
SEIS_SET,RING14,RING
SEIS_SET_AREA,RING16,RING
SEIS_SET_AUTHORIZE,RING16,RING
SEIS_SET_COMPONENT,RING24,RING
SEIS_SET_GEOMETRY,RING18,RING
SEIS_SET_JURISDICTION,RING16,RING
SEIS_SET_PLAN,RING16,RING
SEIS_SET_STATUS,RING16,RING
SEIS_SP_SURVEY,RING18,RING
SEIS_STREAMER,RING16,RING
SEIS_STREAMER_BUILD,RING18,RING
SEIS_STREAMER_COMP,RING18,RING
SEIS_TRANSACTION,RING10,RING
SEIS_TRANS_COMPONENT,RING24,RING
SEIS_VELOCITY,RING20,RING
SEIS_VELOCITY_INTERVAL,RING18,RING
SEIS_VELOCITY_VOLUME,RING18,RING
SEIS_VESSEL,RING14,RING
SEIS_WELL,RING16,RING
SF_AIRCRAFT,RING10,RING
SF_AIRSTRIP,RING10,RING
SF_ALIAS,RING10,RING
SF_BA_CREW,RING12,RING
SF_BA_SERVICE,RING16,RING
SF_BRIDGE,RING10,RING
SF_COMPONENT,RING22,RING
SF_DESCRIPTION,RING18,RING
SF_DISPOSAL,RING10,RING
SF_DOCK,RING10,RING
SF_ELECTRIC,RING04,RING
SF_EQUIPMENT,RING10,RING
SF_GEOMETRY,RING04,RING
SF_HABITAT,RING10,RING
SF_LANDING,RING10,RING
SF_MAINTAIN,RING06,RING
SF_MONUMENT,RING12,RING
SF_OTHER,RING10,RING
SF_PAD,RING04,RING
SF_PLATFORM,RING10,RING
SF_PORT,RING10,RING
SF_RAILWAY,RING10,RING
SF_RESTRICTION,RING08,RING
SF_REST_REMARK,RING10,RING
SF_RIG,RING10,RING
SF_RIG_BOP,RING12,RING
SF_RIG_GENERATOR,RING12,RING
SF_RIG_OVERHEAD_EQUIP,RING12,RING
SF_RIG_PUMP,RING12,RING
SF_RIG_SHAKER,RING12,RING
SF_ROAD,RING10,RING
SF_STATUS,RING04,RING
SF_SUPPORT_FACILITY,RING02,RING
SF_TOWER,RING04,RING
SF_VEHICLE,RING10,RING
SF_VESSEL,RING12,RING
SF_WASTE,RING10,RING
SF_WASTE_DISPOSAL,RING16,RING
SF_XREF,RING10,RING
SOURCE_DOCUMENT,RING04,RING
SOURCE_DOC_AUTHOR,RING06,RING
SOURCE_DOC_BIBLIO,RING06,RING
SPACING_UNIT,RING10,RING
SPACING_UNIT_INST,RING12,RING
SPATIAL_DESCRIPTION,RING12,RING
SP_BOUNDARY,RING16,RING
SP_BOUNDARY_VERSION,RING18,RING
SP_COMPONENT,RING24,RING
SP_DESC_TEXT,RING14,RING
SP_DESC_XREF,RING14,RING
SP_GEOMETRY,RING14,RING
SP_LINE,RING14,RING
SP_LINE_POINT,RING16,RING
SP_LINE_POINT_VERSION,RING18,RING
SP_MINERAL_ZONE,RING16,RING
SP_PARCEL,RING18,RING
SP_PARCEL_CARTER,RING14,RING
SP_PARCEL_CONGRESS,RING14,RING
SP_PARCEL_DLS,RING14,RING
SP_PARCEL_DLS_ROAD,RING16,RING
SP_PARCEL_FPS,RING14,RING
SP_PARCEL_LIBYA,RING14,RING
SP_PARCEL_LOT,RING16,RING
SP_PARCEL_M_B,RING18,RING
SP_PARCEL_NE_LOC,RING14,RING
SP_PARCEL_NORTH_SEA,RING14,RING
SP_PARCEL_NTS,RING14,RING
SP_PARCEL_OFFSHORE,RING14,RING
SP_PARCEL_OHIO,RING14,RING
SP_PARCEL_PBL,RING14,RING
SP_PARCEL_REMARK,RING20,RING
SP_PARCEL_TEXAS,RING14,RING
SP_POINT,RING14,RING
SP_POINT_VERSION,RING16,RING
SP_POLYGON,RING14,RING
SP_ZONE_DEFINITION,RING14,RING
SP_ZONE_DEFIN_XREF,RING16,RING
SP_ZONE_SUBSTANCE,RING18,RING
STRAT_ACQTN_METHOD,RING16,RING
STRAT_ALIAS,RING12,RING
STRAT_COLUMN,RING08,RING
STRAT_COLUMN_ACQTN,RING30,RING
STRAT_COLUMN_UNIT,RING12,RING
STRAT_COLUMN_XREF,RING10,RING
STRAT_COL_UNIT_AGE,RING14,RING
STRAT_EQUIVALENCE,RING14,RING
STRAT_FIELD_ACQTN,RING30,RING
STRAT_FIELD_GEOMETRY,RING10,RING
STRAT_FIELD_NODE,RING12,RING
STRAT_FIELD_SECTION,RING12,RING
STRAT_FIELD_STATION,RING08,RING
STRAT_FLD_INTERP_AGE,RING14,RING
STRAT_HIERARCHY,RING14,RING
STRAT_HIERARCHY_DESC,RING06,RING
STRAT_INTERP_CORR,RING16,RING
STRAT_NAME_SET,RING08,RING
STRAT_NAME_SET_XREF,RING10,RING
STRAT_NODE_VERSION,RING14,RING
STRAT_TOPO_RELATION,RING14,RING
STRAT_UNIT,RING10,RING
STRAT_UNIT_AGE,RING12,RING
STRAT_UNIT_COMPONENT,RING24,RING
STRAT_UNIT_DESCRIPTION,RING16,RING
STRAT_WELL_ACQTN,RING30,RING
STRAT_WELL_INTERP_AGE,RING16,RING
STRAT_WELL_SECTION,RING14,RING
SUBSTANCE,RING14,RING
SUBSTANCE_COMPOSITION,RING16,RING
WELL,RING12,RING
WELL_ACTIVITY,RING22,RING
WELL_ACTIVITY_CAUSE,RING24,RING
WELL_ACTIVITY_COMPONENT,RING26,RING
WELL_ACTIVITY_DURATION,RING24,RING
WELL_ACTIVITY_SET,RING06,RING
WELL_ACTIVITY_TYPE,RING08,RING
WELL_ACTIVITY_TYPE_ALIAS,RING10,RING
WELL_ACTIVITY_TYPE_EQUIV,RING10,RING
WELL_AIR_DRILL,RING14,RING
WELL_AIR_DRILL_INTERVAL,RING16,RING
WELL_AIR_DRILL_PERIOD,RING18,RING
WELL_ALIAS,RING14,RING
WELL_AREA,RING14,RING
WELL_BA_SERVICE,RING24,RING
WELL_CEMENT,RING20,RING
WELL_COMPLETION,RING14,RING
WELL_COMPONENT,RING24,RING
WELL_CORE,RING14,RING
WELL_CORE_ANALYSIS,RING16,RING
WELL_CORE_ANAL_METHOD,RING18,RING
WELL_CORE_ANAL_REMARK,RING18,RING
WELL_CORE_DESCRIPTION,RING16,RING
WELL_CORE_REMARK,RING16,RING
WELL_CORE_SAMPLE_ANAL,RING18,RING
WELL_CORE_SAMPLE_DESC,RING20,RING
WELL_CORE_SAMPLE_RMK,RING20,RING
WELL_CORE_SHIFT,RING16,RING
WELL_CORE_STRAT_UNIT,RING18,RING
WELL_DIR_SRVY,RING14,RING
WELL_DIR_SRVY_STATION,RING18,RING
WELL_DIR_SURVEY_GEOMETRY,RING16,RING
WELL_DRILL_ADD_INV,RING18,RING
WELL_DRILL_ASSEMBLY,RING14,RING
WELL_DRILL_ASSEMBLY_COMP,RING16,RING
WELL_DRILL_ASSEMBLY_PER,RING18,RING
WELL_DRILL_BIT_CONDITION,RING16,RING
WELL_DRILL_BIT_INTERVAL,RING14,RING
WELL_DRILL_BIT_JET,RING16,RING
WELL_DRILL_BIT_PERIOD,RING18,RING
WELL_DRILL_CHECK,RING18,RING
WELL_DRILL_CHECK_SET,RING06,RING
WELL_DRILL_CHECK_TYPE,RING08,RING
WELL_DRILL_EQUIPMENT,RING14,RING
WELL_DRILL_INT_DETAIL,RING18,RING
WELL_DRILL_MUD_ADDITIVE,RING18,RING
WELL_DRILL_MUD_INTRVL,RING14,RING
WELL_DRILL_MUD_WEIGHT,RING14,RING
WELL_DRILL_PERIOD,RING16,RING
WELL_DRILL_PERIOD_CREW,RING18,RING
WELL_DRILL_PERIOD_EQUIP,RING20,RING
WELL_DRILL_PERIOD_INV,RING18,RING
WELL_DRILL_PERIOD_SERV,RING26,RING
WELL_DRILL_PERIOD_VESSEL,RING18,RING
WELL_DRILL_PIPE_INV,RING18,RING
WELL_DRILL_REMARK,RING18,RING
WELL_DRILL_REPORT,RING14,RING
WELL_DRILL_SHAKER,RING18,RING
WELL_DRILL_STATISTIC,RING18,RING
WELL_DRILL_WEATHER,RING18,RING
WELL_EQUIPMENT,RING20,RING
WELL_FACILITY,RING20,RING
WELL_GEOMETRY,RING14,RING
WELL_HORIZ_DRILL,RING14,RING
WELL_HORIZ_DRILL_KOP,RING16,RING
WELL_HORIZ_DRILL_POE,RING16,RING
WELL_HORIZ_DRILL_SPOKE,RING18,RING
WELL_LICENSE,RING20,RING
WELL_LICENSE_ALIAS,RING22,RING
WELL_LICENSE_AREA,RING22,RING
WELL_LICENSE_COND,RING22,RING
WELL_LICENSE_REMARK,RING22,RING
WELL_LICENSE_STATUS,RING22,RING
WELL_LICENSE_VIOLATION,RING24,RING
WELL_LOG,RING24,RING
WELL_LOG_AXIS_COORD,RING32,RING
WELL_LOG_CLASS,RING26,RING
WELL_LOG_CLS_CRV_CLS,RING10,RING
WELL_LOG_CRV_CLS_XREF,RING10,RING
WELL_LOG_CURVE,RING28,RING
WELL_LOG_CURVE_AXIS,RING30,RING
WELL_LOG_CURVE_CLASS,RING08,RING
WELL_LOG_CURVE_FRAME,RING26,RING
WELL_LOG_CURVE_PROC,RING32,RING
WELL_LOG_CURVE_REMARK,RING30,RING
WELL_LOG_CURVE_SCALE,RING32,RING
WELL_LOG_CURVE_SPLICE,RING30,RING
WELL_LOG_CURVE_VALUE,RING30,RING
WELL_LOG_DGTZ_CURVE,RING30,RING
WELL_LOG_DICTIONARY,RING06,RING
WELL_LOG_DICT_ALIAS,RING10,RING
WELL_LOG_DICT_BA,RING08,RING
WELL_LOG_DICT_CRV_CLS,RING10,RING
WELL_LOG_DICT_CURVE,RING08,RING
WELL_LOG_DICT_PARM,RING08,RING
WELL_LOG_DICT_PARM_CLS,RING10,RING
WELL_LOG_DICT_PARM_VAL,RING10,RING
WELL_LOG_DICT_PROC,RING08,RING
WELL_LOG_JOB,RING14,RING
WELL_LOG_PARM,RING26,RING
WELL_LOG_PARM_ARRAY,RING28,RING
WELL_LOG_PARM_CLASS,RING08,RING
WELL_LOG_PASS,RING22,RING
WELL_LOG_REMARK,RING26,RING
WELL_LOG_TRIP,RING20,RING
WELL_LOG_TRIP_REMARK,RING22,RING
WELL_MISC_DATA,RING16,RING
WELL_MUD_PROPERTY,RING20,RING
WELL_MUD_RESISTIVITY,RING20,RING
WELL_MUD_SAMPLE,RING18,RING
WELL_NODE,RING12,RING
WELL_NODE_AREA,RING14,RING
WELL_NODE_GEOMETRY,RING14,RING
WELL_NODE_M_B,RING18,RING
WELL_NODE_STRAT_UNIT,RING14,RING
WELL_NODE_VERSION,RING14,RING
WELL_PAYZONE,RING14,RING
WELL_PERFORATION,RING16,RING
WELL_PERF_REMARK,RING18,RING
WELL_PERMIT_TYPE,RING16,RING
WELL_PLUGBACK,RING16,RING
WELL_POROUS_INTERVAL,RING14,RING
WELL_PRESSURE,RING26,RING
WELL_PRESSURE_AOF,RING28,RING
WELL_PRESSURE_AOF_4PT,RING30,RING
WELL_PRESSURE_BH,RING28,RING
WELL_REMARK,RING14,RING
WELL_SHOW,RING14,RING
WELL_SHOW_REMARK,RING16,RING
WELL_SIEVE_ANALYSIS,RING14,RING
WELL_SIEVE_SCREEN,RING16,RING
WELL_STATUS,RING14,RING
WELL_SUPPORT_FACILITY,RING14,RING
WELL_TEST,RING24,RING
WELL_TEST_ANALYSIS,RING28,RING
WELL_TEST_COMPUT_ANAL,RING28,RING
WELL_TEST_CONTAMINANT,RING30,RING
WELL_TEST_CUSHION,RING26,RING
WELL_TEST_EQUIPMENT,RING26,RING
WELL_TEST_FLOW,RING28,RING
WELL_TEST_FLOW_MEAS,RING28,RING
WELL_TEST_MUD,RING26,RING
WELL_TEST_PERIOD,RING26,RING
WELL_TEST_PRESSURE,RING28,RING
WELL_TEST_PRESS_MEAS,RING28,RING
WELL_TEST_RECORDER,RING26,RING
WELL_TEST_RECOVERY,RING28,RING
WELL_TEST_REMARK,RING26,RING
WELL_TEST_SHUTOFF,RING26,RING
WELL_TEST_STRAT_UNIT,RING26,RING
WELL_TREATMENT,RING26,RING
WELL_TUBULAR,RING18,RING
WELL_VERSION,RING14,RING
WELL_XREF,RING14,RING
WELL_ZONE_INTERVAL,RING14,RING
WELL_ZONE_INTRVL_VALUE,RING16,RING
WORK_ORDER,RING04,RING
WORK_ORDER_ALIAS,RING10,RING
WORK_ORDER_BA,RING10,RING
WORK_ORDER_COMPONENT,RING24,RING
WORK_ORDER_CONDITION,RING10,RING
WORK_ORDER_DELIVERY,RING12,RING
WORK_ORDER_DELIVERY_COMP,RING26,RING
WORK_ORDER_INSTRUCTION,RING12,RING
WORK_ORDER_INST_COMP,RING26,RING
WORK_ORDER_XREF,RING06,RING
ZONE,RING02,RING
Z_CONT_COUNTY,RING12,RING
Z_CONT_DISTRICT,RING12,RING
Z_CONT_PROV_STATE,RING12,RING
Z_FIELD_IN_COUNTY,RING08,RING
Z_PDEN_GAS_ANALYSIS,RING18,RING
Z_PDEN_GAS_ANAL_DETAIL,RING20,RING
Z_PDEN_OIL_ANALYSIS,RING18,RING
Z_PDEN_OIL_VISCOSITY,RING20,RING
Z_PDEN_VOL_BY_DAY,RING18,RING
Z_PDEN_VOL_BY_MONTH,RING18,RING
Z_PDEN_WATER_ANALYSIS,RING18,RING
Z_PDEN_WATER_ANAL_DTL,RING20,RING
Z_R_CITY,RING02,RING
Z_R_COUNTRY,RING02,RING
Z_R_COUNTY,RING06,RING
Z_R_DISTRICT,RING02,RING
Z_R_GEOGRAPHIC_REGION,RING02,RING
Z_R_GEOLOGIC_PROVINCE,RING02,RING
Z_R_LAND_DISTRICT,RING08,RING
Z_R_PROVINCE_STATE,RING04,RING
Z_R_WELL_ACTIVITY_TYPE,RING02,RING
Z_WELL_DRILL_STATUS,RING14,RING
Z_WELL_EVENT,RING22,RING
Z_WELL_GAS_ANALYSIS,RING26,RING
Z_WELL_GAS_ANAL_DETAIL,RING28,RING
Z_WELL_OIL_ANALYSIS,RING26,RING
Z_WELL_OIL_VISCOSITY,RING28,RING
Z_WELL_TOUR_OCCURRENCE,RING14,RING
Z_WELL_WATER_ANALYSIS,RING26,RING
Z_WELL_WATER_ANAL_DTL,RING28,RING
R_WELL_STATUS_QUAL,WELL,MODULE
R_WELL_STATUS_QUAL_VALUE,WELL,MODULE
R_WELL_STATUS_QUAL_VALUE,RING02,RING
R_WELL_STATUS_QUAL,RING02,RING
